id,answer,choice_1,choice_2,choice_3,choice_4,difficulty,ease_factor,exam_info,exp_1,exp_2,exp_3,exp_4,image,image 1,interval,my_memo,next_date,question,reps,section
換気設備_001,1,エレベーター機械室において、換気方式は、第3種換気としてはならない。,便所の換気回数は、一般に、5～15回/h程度とする。,バイオハザード対策施設の実験室においては、汚染物質が他室に流出しないように、室内を負圧とする。,駐車場内に部分的に設けられた居室部においては、駐車場の汚染された空気が流入しないように、室内を正圧とする。,A,2.5,令和6年 No.9（換気に関する記述）,誤りである。建築物の機械室における換気方式の選定は、内部に設置されている機器の特性に依存する。ボイラー室などの「燃焼機器」を使用する機械室であれば、燃焼用空気の確実な供給が必須となるため、給気を送風機等の機械力で行う第1種または第2種換気方式とし、第3種換気は採用してはならない。しかし、「エレベーター機械室」においては、巻上機や制御盤等から大量の熱が発生するものの、これらは電気機器であり燃焼機器ではないため酸素の大量供給は不要である。したがって、発生した熱を効果的に屋外へ排出できればよく、排気のみを機械で行う「第3種換気方式」も実務において広く採用されている。「第3種換気としてはならない」とする本記述は明確な誤りである。,正しい。便所や洗面所など、臭気や湿気が発生し室内環境を著しく悪化させる汚染源が存在する諸室の換気においては、その汚染空気を速やかに外部へ排出し、他の室へ漏出させないことが最大の目的となる。そのため、排気を機械で強制的に行う第3種換気方式が一般的に用いられ、室内を常に周囲より負圧に保つ制御が行われる。設計上の基準となる換気回数については、室の容積に対する1時間あたりの空気の入れ替わり回数として、一般に「$5 \sim 15\mathrm{回/h}$」程度という比較的多い回数が推奨されている。利用頻度が高い公衆便所等では上限に近い値が採用されるため、この記述は設計基準として妥当である。,正しい。感染症病室や細菌・ウイルス検査室などに代表されるバイオハザード対策が求められる高度な実験施設においては、室内の空気に含まれる病原微生物などの危険な汚染エアロゾルが、いかなる事態においても外部や廊下などの他の部屋へ拡散・漏出することを絶対に防止しなければならない。これを実現するためには、換気方式として排気風量を給気風量よりも常に多く設定し、室内を周囲の空間に対して「負圧（大気圧より低い圧力）」の状態に厳密に制御・維持することが不可欠である。これにより空気の流れが常に外部から室内へ向かうようになり、汚染物質の封じ込めが可能となる。,正しい。地下駐車場や大規模な屋内駐車場においては、多数の自動車のエンジンから排出される排気ガスに含まれる一酸化炭素（CO）などの有害成分による空気の深刻な汚染を防止するため、強力な換気設備が必須となる。このような駐車場内に、管理室や精算所として「部分的に設けられた居室部」が存在する場合、駐車場の有害で汚染された空気が居室内に流入して作業者が一酸化炭素中毒などを引き起こすのを防がなければならない。そのためには、居室に対する新鮮な給気量を排気量よりも常に多く設定し、室内を駐車場空間に対して「正圧」に保つ必要がある。「負圧」にすると汚染空気を吸い込むため、正圧とする本記述は正しい。,image.png,,1,エレベーター機械室は燃焼機器がないから第3種換気（排気のみ機械）でもOK！,2026年3月29日,換気に関する次の記述のうち、最も不適当なものはどれか。,0,6_換気設備
換気設備_002,1,0.3,0.4,0.5,0.6,A,2.5,令和6年 No.10（エアフィルターの粉じん捕集率）,"正しい。居室の粉じん濃度の定常状態における計算は、空気の出入りと発生量の物質収支バランス式 $(1-\eta) \cdot C_0 \cdot Q_0 + M = C \cdot Q_E$ を用いて行う。ここで、$Q_0 = 2,000 \mathrm{m^3/h}$、$Q_E = 2,000 \mathrm{m^3/h}$、$C_0 = 0.10 \mathrm{mg/m^3}$、$C = 0.15 \mathrm{mg/m^3}$、$M = 160 \mathrm{mg/h}$ である。これらを式に代入すると、$(1-\eta) \times 0.10 \times 2,000 + 160 = 0.15 \times 2,000$ となる。計算を進めると、$(1-\eta) \times 200 + 160 = 300$ となり、$(1-\eta) \times 200 = 140$ となる。ゆえに透過率 $1-\eta = 140 / 200 = 0.7$ となり、フィルターの粉じん捕集率 $\eta = 1 - 0.7 = 0.3$ として正しく算出される。",誤りである。この数値は、物質収支の計算において、フィルターを通過して室内に持ち込まれる外気由来の粉じん量と、室内で発生する粉じん量の加算関係を誤って処理した場合や、係数の割り算を逆に行った場合に導き出される典型的な誤答である。エアフィルターの性能（捕集率）を評価する際には、室内から排出される総粉じん量から室内発生分を差し引いたものが、外気から侵入を許した粉じん量に等しいという熱力学的な質量保存の法則を正確に数式化し、未知数である捕集率 $\eta$ についての方程式を慎重に解くことが求められる。粉じん濃度の定常状態計算は、室内環境の清浄度を担保する上で不可欠なプロセスであるため、加減乗除の順序を間違えると全く異なる性能のフィルターを選定してしまう危険がある。,誤りである。この数値は、計算の過程において外気粉じん濃度 $0.10\mathrm{mg/m^3}$ や室内粉じん濃度 $0.15\mathrm{mg/m^3}$ の差分を直接取ってしまうなど、濃度と風量を掛け合わせた「質量流量 $[\mathrm{mg/h}]$」としてのエネルギーバランスの概念を無視した間違った立式から生じやすい。粉じんの問題は、単位時間あたりにどれだけの質量の物質が空間を出入りしたかを追跡することが基本であり、濃度差だけで単純に捕集率を割り出すことは物理的に不可能である。各項目の単位の整合性を常に確認しながら計算を進める必要があり、特に濃度 $[\mathrm{mg/m^3}]$ に風量 $[\mathrm{m^3/h}]$ を掛けて質量発生量 $[\mathrm{mg/h}]$ に統一する工程を怠るとこのような誤った結果に行き着く。,誤りである。この数値は、計算式の最後で捕集率 $\eta$ を求める際に、「外気から持ち込まれる粉じんの透過率（$1-\eta$）」と「フィルターによって捕集される割合（$\eta$）」を取り違えてしまった場合に算出される致命的なエラーである。方程式を解いて得られた $0.7$ という値は、あくまでフィルターを「素通りしてしまった」粉じんの割合（透過率）を示している。設問が問うているのは、フィルターが粉じんを「捕まえた」割合である捕集率 $\eta$ であるため、$1$ から透過率 $0.7$ を差し引いた $0.3$ を最終的な解答としなければならない。この最後の一手である「$1-$」の引き算を忘れるのは、試験における最も典型的なケアレスミスである。,image.png,,1,捕集率$\eta$の計算は質量収支！求めた値が「透過率」か「捕集率」か最後に必ず確認する。,2026年3月29日,"図のような粉じん発生のある居室に設けた換気設備において、イ～トの条件によって計算したエアフィルターの粉じん捕集率として、最も適当なものは、次のうちどれか。 条件 イ. 外気取入れ量：$2,000\mathrm{m^3/h}$ ロ. 排気量：$2,000\mathrm{m^3/h}$ ハ. 外気の粉じん濃度：$0.10\mathrm{mg/m^3}$ ニ. 室内空気の粉じん濃度：$0.15\mathrm{mg/m^3}$ ホ. 室内の粉じん発生量：$160\mathrm{mg/h}$ ヘ. 室内の粉じんは、一様に分布するものとする。 ト. ダクト系及び室内からの空気の漏れは、ないものとする。",0,6_換気設備
換気設備_003,4,屋内駐車場の換気量は、床面積$1\mathrm{m^2}$につき$14\mathrm{m^3/h}$とした。,冷房設備を併設した電気室の換気回数は、5回/hとした。,外壁に設ける排気ガラリの有効開口面風速は、$3.5\mathrm{m/s}$とした。,居室の出入口扉の下部に設けるドアガラリの有効開口面風速は、$4.0\mathrm{m/s}$とした。,B,2,令和5年 No.9（換気計画）,正しい。建築基準法および関連法令に基づく路外駐車場などの大規模な自動車車庫においては、エンジンから排出される一酸化炭素（CO）等の有害ガスによる中毒事故や火災時の危険性を排除するため、極めて強力な換気設備を設置することが義務付けられている。具体的な設計基準として、自動車の駐車の用に供する部分の面積が $500\mathrm{m^2}$ 以上であるものについては、その内部の空気を「床面積 $1\mathrm{m^2}$ につき $14\mathrm{m^3/h}$ 以上」直接外気と交換する能力を有する換気装置を設けなければならない。したがって、この基準を満たす設計は適切である。,正しい。電気室や変電室においては、稼働する機器からの膨大な内部発熱による室温の異常上昇を防ぐための換気計画が不可欠である。「冷房設備を併設しない場合」は、この巨大な熱負荷をすべて外気との換気のみで処理しなければならないため、一般に $10 \sim 15\mathrm{回/h}$ という極めて大きな換気回数が要求される。しかし、本設問のように「冷房設備を併設した場合」は、大部分の熱負荷を空調設備が処理してくれるため、換気の主目的は新鮮空気の導入や極小規模の排熱に留まる。この場合、換気回数は基準値として $3 \sim 5\mathrm{回/h}$ 程度まで大幅に低減できるため、本記述は適当である。,正しい。建築物の外壁や屋外に面して取り付ける外気取入ガラリや排気ガラリの設計において、有効開口面風速を適切に設定することは、換気性能の確保と環境への配慮の両面から極めて重要である。風速が過大になると、外部風圧に対する抵抗が著しく増大して所定の風量が確保できなくなるほか、激しい風切り音の発生や、雨水・雪の室内への浸入といった深刻なトラブルを引き起こす。そのため、国土交通省の「建築設備設計基準」などにおいて、排気ガラリの有効開口面風速は $3.0 \sim 4.0\mathrm{m/s}$ 程度と規定されており、$3.5\mathrm{m/s}$ とした本設計は極めて妥当である。,誤りである。居室の出入口扉の下部などに設けられるドアガラリ（アンダーカット等）は、室内の換気経路を確保するための重要な開口部である。しかし、この部分を通過する空気の風速が過大になると、室内を移動する居住者の足元に強い不快な気流（コールドドラフト）を感じさせたり、隙間を通過する際の耳障りな風切り音（騒音）を発生させる原因となる。これを防止するため、国土交通省の「建築設備設計基準」等において、室内のドアガラリの有効開口面風速は「$1.5 \sim 2.0\mathrm{m/s}$ 以下」と厳しく規定されている。したがって、$4.0\mathrm{m/s}$ とした本設計は基準を大幅に超過しており最も不適当である。,image.png,,1,ドアガラリの風速は足元の不快感を防ぐため1.5〜2.0m/s以下！4.0m/sは暴風レベル。,2026年3月29日,換気計画に関する次の記述のうち、最も不適当なものはどれか。,0,6_換気設備
換気設備_004,2,"$1,000\mathrm{m^3/h}$","$3,000\mathrm{m^3/h}$","$3,600\mathrm{m^3/h}$","$6,000\mathrm{m^3/h}$",B,2,令和5年 No.10（必要換気量計算）,"誤りである。この $1,000\mathrm{m^3/h}$ という数値は、計算の過程において室内の発生顕熱量から空調機の冷却能力を差し引く工程を忘れたり、空気の比熱や密度といった定数の乗算を誤った場合に算出される可能性がある。熱収支に基づく換気設備の送風量計算においては、室内で処理すべき正味の顕熱負荷を正確に把握し、熱力学的なエネルギー保存則に基づいた公式 $q_s = Q \times C \times \rho \times \Delta t$ に各パラメータの単位を合わせて代入することが極めて重要である。このようなミスは設計容量の致命的な不足を招き、夏期等において室内温度が設定温度を大幅に上回ってしまうため、空調機と換気設備の処理分担を明確に区別して計算を進める能力が強く求められる。","正しい。室内の温度を定常状態に保つためには、室内で発生する熱量と、空調機および換気設備で処理される熱量が釣り合っている必要がある。室内の発生顕熱量 $20\mathrm{kW}$ から空調機の顕熱冷却能力 $10\mathrm{kW}$ を差し引いた残りの $10\mathrm{kW}$ が、換気設備で処理すべき正味の顕熱負荷 $q_s$ となる。送風量を $Q$ $[\mathrm{m^3/s}]$ とすると、$q_s = Q \times C \times \rho \times (t_r - t_s)$ の関係式より、$10\mathrm{kW} = Q \times 1.0\mathrm{kJ/(kg\cdot K)} \times 1.2\mathrm{kg/m^3} \times (30^\circ\mathrm{C} - 20^\circ\mathrm{C})$ となる。これを解くと $10 = Q \times 12$ となり、$Q = 10 / 12\mathrm{m^3/s}$ である。最後に単位を $[\mathrm{m^3/h}]$ に直すため $3,600$ を掛けると、$Q = (10 / 12) \times 3,600 = 3,000\mathrm{m^3/h}$ となり、正しく導出される。","誤りである。この $3,600\mathrm{m^3/h}$ という数値は、送風量 $Q$ を $[\mathrm{m^3/s}]$ から $[\mathrm{m^3/h}]$ へ換算する際の係数 $3,600$ をそのまま解答として誤認したか、あるいは温度差 $\Delta t$ や空気密度 $\rho$ の計算で約分ミスをした場合に生じやすい。換気による熱処理能力は、空気の質量流量と比熱、そして温度差の積によって厳密に決定される。特に、体積流量を質量流量に変換するための空気密度（$1.2\mathrm{kg/m^3}$）の扱いを忘れると、必要風量を過大または過小に見積もる原因となるため注意が必要である。また、外気温度と室内温度の温度差を逆にして計算を進めてしまうと、熱を排出するのか取り入れるのかの意味が逆転してしまうため、符号の取り扱いにも留意しなければならない。","誤りである。この $6,000\mathrm{m^3/h}$ という数値は、室内の発生顕熱量 $20\mathrm{kW}$ に対して、空調機による冷却能力 $10\mathrm{kW}$ を全く考慮せず、全負荷を換気設備のみで処理しようとして計算してしまった場合に導かれる典型的な誤答である（$20 = Q \times 1.2 \times 10 \rightarrow Q = 20 / 12 \mathrm{m^3/s} \times 3,600 = 6,000\mathrm{m^3/h}$）。実際の空調システムにおいては、空調機と換気設備の役割分担（熱処理と空気浄化）を明確に理解し、両者が協調して室内負荷を相殺するというトータルバランスの概念を持って計算に臨むことが不可欠である。設問で与えられた「空調機の顕熱冷却能力」というボーナス要素を無視してしまうと、換気設備に対して無駄に巨大なファンを選定することになり、省エネルギー設計の観点からも著しく不適切である。",image.png,,1,換気で処理する熱＝室内の発生熱－空調機の処理熱！残った熱を温度差と比熱で割って風量を出す。,2026年3月29日,図のような換気設備と空調機を設けた発熱のある居室において、イ～チの条件によって計算した換気設備の必要換気量として、最も適当なものは、次のうちどれか。 条件 イ. 室内の発生顕熱量：$20\mathrm{kW}$ ロ. 空調機の顕熱冷却能力：$10\mathrm{kW}$ ハ. 導入外気温度：$20\mathrm{^\circ C}$ ニ. 室内温度：$30\mathrm{^\circ C}$ ホ. 空気の比熱：$1.0\mathrm{kJ/(kg\cdot K)}$ ヘ. 空気の密度：$1.2\mathrm{kg/m^3}$ ト. 換気設備の送風機と排風機の風量は同じとする。 チ. 上記以外の熱取得及び熱損失はないものとする。,0,6_換気設備
換気設備_005,4,0.3,0.4,0.5,0.7,B,2,令和4年 No.10（エアフィルターの粉じん捕集率）,誤りである。この $0.3$ という数値は、計算式の最後で捕集率 $\eta$ を求める際に、「外気から持ち込まれる粉じんの透過率（$1-\eta$）」と「フィルターによって捕集される割合（$\eta$）」を取り違えてしまった場合に算出される典型的な誤答である。物質収支の方程式 $(1-\eta) \cdot C_0 \cdot Q_0 + M = C \cdot Q_E$ を解いて得られる値は、あくまでフィルターを素通りした粉じんの割合（透過率）である。本設問で問われているのはフィルターが粉じんを捕まえた「捕集率 $\eta$」であるため、最後に必ず $1$ から透過率を差し引く工程を忘れてはならない。透過率と捕集率の意味を混同すると、全く逆の性能を示すことになってしまうため注意が必要である。,誤りである。この数値は、計算の過程において外気粉じん濃度 $0.10\mathrm{mg/m^3}$ や室内粉じん濃度 $0.15\mathrm{mg/m^3}$ の差分を直接取ってしまうなど、濃度と風量を掛け合わせた「質量流量 $[\mathrm{mg/h}]$」としてのエネルギーバランスの概念を無視した間違った立式から生じやすい。粉じんの問題は、単位時間あたりにどれだけの質量の物質が空間を出入りしたかを追跡することが基本であり、濃度差だけで単純に捕集率を割り出すことは物理的に不可能である。各項目の単位の整合性を常に確認しながら計算を進める必要があり、特に空気の体積と粉じんの質量の関係式を正確に立てられるかどうかが問われている。,誤りである。この数値は、物質収支の計算において、フィルターを通過して室内に持ち込まれる外気由来の粉じん量と、室内で発生する粉じん量の加算関係を誤って処理した場合や、係数の割り算を逆に行った場合に導き出されるエラーである。エアフィルターの性能（捕集率）を評価する際には、室内から排出される総粉じん量から室内発生分を差し引いたものが、外気から侵入を許した粉じん量に等しいという熱力学的な質量保存の法則を正確に数式化し、未知数である捕集率 $\eta$ についての方程式を慎重に解くことが求められる。この方程式の立式さえ間違えなければ、後は単純な一次方程式の計算に帰着する。,正しい。居室の粉じん濃度の定常状態における計算は、空気の出入りと発生量の物質収支バランス式 $(1-\eta) \cdot C_0 \cdot Q_0 + M = C \cdot Q_E$ を用いて行う。ここで、$Q_0 = 500 \mathrm{m^3/h}$、$Q_E = 500 \mathrm{m^3/h}$、$C_0 = 0.10 \mathrm{mg/m^3}$、$C = 0.15 \mathrm{mg/m^3}$、$M = 60 \mathrm{mg/h}$ である。これらを式に代入すると、$(1-\eta) \times 0.10 \times 500 + 60 = 0.15 \times 500$ となる。計算を進めると、$(1-\eta) \times 50 + 60 = 75$ となり、$(1-\eta) \times 50 = 15$ となる。ゆえに透過率 $1-\eta = 15 / 50 = 0.3$ となり、フィルターの粉じん捕集率 $\eta = 1 - 0.3 = 0.7$ として正しく算出される。,image.png,,1,粉じん計算は質量収支！外気からの持込分＋室内発生分＝屋外への排出分。,2026年3月29日,図のような粉じん発生のある居室に設けた換気設備において、イ～トの条件によって計算したエアフィルターの粉じん捕集率として、最も適当なものは、次のうちどれか。 条件 イ. 外気取入れ量：$500\mathrm{m^3/h}$ ロ. 排気量：$500\mathrm{m^3/h}$ ハ. 外気の粉じん濃度：$0.10\mathrm{mg/m^3}$ ニ. 室内空気の粉じん濃度：$0.15\mathrm{mg/m^3}$ ホ. 室内の粉じん発生量：$60\mathrm{mg/h}$ ヘ. 室内の粉じんは、一様に分布するものとする。 ト. ダクト系及び室内からの空気の漏れは、ないものとする。,0,6_換気設備
換気設備_006,4,直だき冷温水機を設置した機械室において、換気方式は、第3種換気としてはならない。,ホテルの客室において、換気量は、一般に、浴室部分の換気量により決まる。,建築物の居室においては、ホルムアルデヒドを発散する建築材料を使用しない場合であっても、原則として、シックハウス対策用の機械換気設備又は中央管理方式の空調設備を設ける必要がある。,置換換気は、天井近傍から室温よりもやや低い温度で低速の新鮮空気を供給し、床面から排気する換気方式である。,A,2.5,令和3年 No.9（換気方式と必要換気量）,正しい。直だき冷温水機やボイラー等の燃焼機器を内部に設置して使用する機械室においては、機器から発生する熱の排出に加えて、燃焼に必要な大量の酸素を屋外から確実に供給しなければならないという極めて重要な要求事項がある。そのため、換気方式としては、給気を送風機等の機械力で強制的に行う「第1種換気方式」または「第2種換気方式」を採用することが建築設備設計の絶対的な基本原則である。排気のみを機械で行う「第3種換気方式」は、燃焼機器の酸欠や一酸化炭素の発生を伴う不完全燃焼を引き起こす危険性が高いため、絶対に採用してはならない。,正しい。ホテルなどの宿泊施設の客室ユニットにおける換気計画は、居住空間である客室部分だけでなく、水回りである浴室や便所を含めたトータルでの空気の流動を考慮して決定される。一般的に、入浴時の大量の湯気（湿気）の排出や、便器からの強烈な臭気の除去を確実に行う必要があるため、浴室・便所部分の換気扇による排気量が設計の支配的な要因となる。この浴室の換気回数（例えば毎回10回など）から算出される換気量は、在室者の衛生上必要な換気量よりもかなり多い量となるため、結果として客室全体の給気（外気取入れ）量はこの排気量によって決定されることになる。,正しい。現代の建築基準法においては、シックハウス症候群による居住者の健康被害を防止するため、極めて厳格な換気設備の設置が義務付けられている。建築物の居室においては、たとえホルムアルデヒドを発散する恐れのある建築材料（合板や壁紙用接着剤など）を一切使用しない場合であっても、持ち込まれる家具やカーテンなどからの化学物質の発散が不可避的に考えられる。そのため、法的な原則として、常時換気が可能な「機械換気設備」、あるいはそれに適合する「空気を浄化して供給する方式の機械換気設備」や「中央管理方式の空気調和設備」のいずれかを必ず設けなければならない。,誤りである。置換換気（ディスプレイスメント・ベンチレーション）とは、内部発熱が大きいオフィスや劇場などの大空間において、設定室温よりも「やや低い温度」の新鮮な空気を、「床面付近」の専用吹出口から極めて低速（層流状態）で静かに室内に供給する高度な換気方式である。床面から供給された冷気は、人体やＯＡ機器などの発熱体から生じる上昇気流（プルーム）に乗って汚染物質を伴いながら天井へ向かって上昇し、それを「天井近傍」から排気する。設問にある「天井近傍から供給し、床面から排気する」という記述は空気の流れが完全に逆転しており、最も不適当である。,image.png,,1,置換換気は「床面から冷気を出し、天井から汚染空気を抜く」方式！熱の上昇気流を利用する。,2026年3月29日,換気に関する次の記述のうち、最も不適当なものはどれか。,0,6_換気設備
換気設備_007,3,室の空気交換効率は、一般に、混合換気方式より置換換気方式のほうが高い。,局所的に汚染物質が発生する場合、局所換気は、全般換気に比べて、換気量を少なくすることができる。,バイオハザード実験室においては、汚染物質が室に流入しないように、室内を正圧とする。,自動車の駐車の用に供する部分の面積が$500\mathrm{m^2}$以上である窓のない屋内駐車場においては、その内部の空気を床面積$1\mathrm{m^2}$につき$14\mathrm{m^3/h}$以上直接外気と交換する能力を有する換気装置を設ける。,A,2.5,令和2年 No.9（換気設備に関する記述）,正しい。室の換気効率を評価する指標である「空気交換効率」において、置換換気方式は極めて優れた性能を発揮する。従来の混合換気方式が、天井から高速で空気を吹き出して室内の空気を攪拌・希釈しながら換気を行うのに対し、置換換気方式は床面付近から新鮮な空気を低速で供給し、発熱体の上昇気流を利用して汚染空気を天井から押し出す（ピストンフローに近い）メカニズムを持つ。このため、呼吸域における新鮮空気の到達率が高く、汚染物質の滞留を防ぐことができるため、混合換気方式に比べて空気交換効率は一般に高くなる。,正しい。厨房のコンロ周辺や、工場の溶接作業場所、化学実験室のドラフトチャンバーなど、局所的に高濃度の汚染物質（熱、煙、有害ガスなど）が発生する環境においては、換気計画の手法が重要となる。発生源をフード等で覆い、汚染物質が室内に拡散する前に直接捕集して屋外へ排出する「局所換気」を採用すると、室全体の空気を大量の外気で希釈する「全般換気」を採用した場合に比べて、極めて少ない換気風量で効率的に室内環境を清浄に保つことができる。これにより、空調・換気搬送動力の大幅な省エネルギー化が可能となる。,誤りである。感染症病室や細菌・ウイルス検査室などに代表されるバイオハザード対策が求められる高度な実験施設においては、室内の空気に含まれる病原微生物などの危険な汚染エアロゾルが、いかなる事態においても外部や廊下などの他の部屋へ拡散・漏出することを絶対に防止しなければならない。これを実現するためには、換気方式として排気風量を給気風量よりも常に多く設定し、室内を周囲の空間に対して常に「負圧（大気圧より低い圧力）」の状態に厳密に制御・維持することが不可欠である。「正圧とする」という本記述は、汚染物質を周囲に押し流すことになり致命的な誤りである。,正しい。建築基準法および関連法令に基づく路外駐車場などの大規模な自動車車庫においては、エンジンから排出される一酸化炭素（CO）等の有害ガスによる中毒事故や火災時の危険性を排除するため、極めて強力な換気設備を設置することが義務付けられている。具体的な設計基準として、自動車の駐車の用に供する部分の面積が $500\mathrm{m^2}$ 以上である窓のない屋内駐車場においては、その内部の空気を「床面積 $1\mathrm{m^2}$ につき $14\mathrm{m^3/h}$ 以上」直接外気と交換する能力を有する機械換気装置を設けなければならない。したがって、この基準を満たす記述は適切である。,image.png,,1,バイオハザード（危険な細菌等）の部屋は、絶対に外に漏らさないため「負圧」にする！,2026年3月29日,換気設備に関する次の記述のうち、最も不適当なものはどれか。,0,6_換気設備
換気設備_008,4,0.45 回/h,0.75 回/h,1.05 回/h,1.25 回/h,,,令和元年 No.10（必要換気回数計算）,誤りである。この数値は、計算の過程において二酸化炭素濃度の単位変換（$\mathrm{ppm}$ から絶対割合への変換）を誤ったり、換気回数を求める際に室の気積（体積）による除算を忘れ、別の係数を掛けてしまった場合に算出される典型的な誤答である。必要換気回数は、算出された必要換気量 $[\mathrm{m^3/h}]$ をその部屋の物理的な体積 $[\mathrm{m^3}]$ で割ることによって得られる、1時間あたりの空気の入れ替わり回数であることを正確に理解しなければならない。建築物における衛生的環境の確保に関する法律（ビル管法）などでも定められているように、適切な換気量の確保は居住者の健康維持に直結するため、基礎的な単位換算や気積の取り扱いでミスを犯すことは絶対に避けなければならない。,誤りである。この数値は、ザイデルの式における分母である「室内許容濃度と外気濃度の差分」の計算において、引き算の順序を間違えたり、外気濃度の影響を過小評価した場合に導き出されるエラーである。二酸化炭素濃度に基づく換気計算は、建築基準法等で定められた良好な室内環境を維持するための最も基礎的かつ重要な設計プロセスであり、各変数の物理的意味を正確に把握した上で公式に適用することが求められる。定常状態を前提とする場合、室内で発生した汚染物質が換気によって完全に希釈・排出されるという物質収支のバランスが崩れると、たちまち室内環境は悪化してしまうため、計算の各ステップを確実に行う必要がある。,誤りである。この数値は、室の気積を計算する際に床面積 $160\mathrm{m^2}$ と天井高 $2.5\mathrm{m}$ の掛け算を誤ったり、在室人員の総数（10人）を計算式に反映し忘れて一人当たりの換気量だけで計算を進めてしまった場合に生じやすい。大規模な居室の換気計画においては、人員の総発生量がシステム全体の設計容量を決定づけるため、条件の読み落としは致命的な設計ミスに直結する。特に、換気回数という指標は、部屋の大きさに対してどれだけのスピードで空気が入れ替わるかを示す直感的な数値であるため、気積の算出プロセスにおいて少しでも数値を取り違えると、実際の環境性能と大きく乖離した結果を招くことになる。,"正しい。室内の二酸化炭素濃度を許容値以下に保つための必要換気量 $Q_0$ $[\mathrm{m^3/h}]$ は、ザイデルの式 $Q_0 = M / (C - C_0)$ で求める。室内のCO2総発生量 $M$ は、10人 $\times$ $0.030\mathrm{m^3/(h\cdot 人)}$ $= 0.30\mathrm{m^3/h}$。許容濃度 $C$ は $1,000\mathrm{ppm} = 0.001$、外気濃度 $C_0$ は $400\mathrm{ppm} = 0.0004$。これを式に代入すると、$Q_0 = 0.30 / (0.001 - 0.0004) = 0.30 / 0.0006 = 500\mathrm{m^3/h}$ となる。次に、この部屋の気積 $V$ は、床面積 $160\mathrm{m^2} \times$ 天井高 $2.5\mathrm{m} = 400\mathrm{m^3}$ である。最後に必要換気回数 $N$ は、$N = Q_0 / V = 500 / 400 = 1.25\mathrm{回/h}$ となり、正しく導出される。",image.png,,1,換気回数は「必要換気量÷部屋の体積（気積）」で求める！ザイデルの式の後に割り算を忘れない。,2026年3月29日,"床面積$160\mathrm{m^2}$、天井の高さ$2.5\mathrm{m}$の居室を換気する場合において、イ～トの条件により計算した必要換気回数として、最も適当なものは、次のうちどれか。 条件 イ. 在室人員：$10\mathrm{人}$ ロ. 二酸化炭素の発生量：$0.030\mathrm{m^3/(h\cdot 人)}$ ハ. 取入れ外気の二酸化炭素の濃度：$400\mathrm{ppm}$ ニ. 定常状態における居室内の二酸化炭素の濃度：$1,000\mathrm{ppm}$ ホ. 人体以外からの二酸化炭素の発生はないものとする。 ヘ. ダクト系及び室内からの空気の漏れはないものとする。 ト. 空調設備は、定常的に運転されているものとする。",0,6_換気設備
換気設備_009,4,厨房などの火気や臭気を発生する室の換気設備は、第3種換気方式を採用し、室内を負圧に保つことで、臭気や汚染物質が他の室へ漏れ出すことを防ぐのが一般的である。,半導体工場などのクリーンルームにおいては、外部からの塵埃の侵入を完全に防ぐ必要があるため、第2種換気方式または第1種換気方式を採用し、周囲の室に対して室内を正圧に維持する。,ボイラー室等の燃焼機器を使用する機械室においては、燃焼に必要な酸素を確実に供給するとともに、熱を排出する必要があるため、給気ファンを設ける第1種または第2種換気方式を採用する。,感染症病室や細菌検査室などのバイオハザード対策施設においては、汚染エアロゾル等の漏出を防ぐため、給気を機械で行い排気を自然に行う第2種換気方式を採用し、室内を常時正圧に保持する。,,,予想問題（換気方式と室内圧の制御）,正しい。厨房や便所、湯沸室など、室内で大量の水蒸気や強烈な臭気、有害なガスが発生する用途の諸室においては、これらの汚染空気が隣接する居住域や廊下へ漏れ出すことを完全に防止することが換気計画の最優先事項となる。そのため、排気のみを送風機による強力な機械力で強制的に行い、給気はガラリ等からの自然流入に依存する「第3種換気方式」を採用し、当該室内の気圧を周囲の空間よりも常に低い「負圧」の状態に維持制御するのが、建築設備設計における絶対的な基本原則である。,正しい。半導体の製造工場や精密医療機器の組み立て工場、あるいは病院の手術室などのクリーンルームにおいては、外部環境や隣接室から目に見えない微細な塵埃やバクテリアが侵入することを極限まで防止しなければならない。そのため、高性能フィルター（HEPAフィルター等）で徹底的に浄化された清浄な空気を送風機で強制的に室内に押し込み、排気は自然排気または給気より少ない風量の機械排気とする「第2種換気方式（または第1種換気方式）」を採用し、室内を周囲に対して常に「正圧」に維持制御することが不可欠である。,正しい。建築物の機械室における換気方式の選定は、内部に設置されている機器の特性に大きく依存する。特にボイラーや直だき吸収冷温水機などの「燃焼機器」を使用する機械室においては、機器から発生する熱の排出に加えて、燃焼プロセスに不可欠な大量の酸素を屋外から絶え間なく確実に供給しなければならない。そのため、換気方式としては、給気を送風機等の機械力で強制的に室内に押し込む「第1種換気方式」または「第2種換気方式」を採用することが、酸欠や不完全燃焼を防ぐための法的かつ安全上の絶対要件となっている。,誤りである。感染症病室や細菌検査室などのバイオハザード対策が求められる実験室・施設においては、室内の空気に含まれる病原微生物などの危険な汚染物質（汚染エアロゾル）が、いかなる場合であっても外部や他の部屋へ拡散・漏出することを絶対に防止しなければならない。そのため、換気方式としては排気を強力な機械式（排気ファン）で行う「第3種換気方式（または排気量を多く設定する第1種換気）」を採用し、室内を周囲の空間に対して常に「負圧」の状態に厳密に制御・維持することが不可欠である。給気のみを機械で行う第2種換気方式を採用して室内を「正圧」に保持するとした本記述は、汚染物質を周囲に押し流すことになり致命的な誤りである。,image.png,,1,バイオハザードや厨房は「負圧（第3種）」。クリーンルームは「正圧（第2種）」。,2026年3月29日,各種諸室の換気方式と室内圧の制御に関する次の記述のうち、最も不適当なものはどれか。,0,6_換気設備
換気設備_010,2,$500\mathrm{m^3/h}$,$667\mathrm{m^3/h}$,$800\mathrm{m^3/h}$,"$1,000\mathrm{m^3/h}$",,,予想問題（ザイデルの式による必要換気量計算）,誤りである。この数値は、計算の過程において室内の在室人員総数（20人）を掛け忘れ、一人当たりの二酸化炭素発生量だけで計算を進めてしまったり、あるいは空気の二酸化炭素濃度の単位変換（$\mathrm{ppm}$ から絶対割合への変換）において小数点の桁を間違えた場合に算出される典型的な誤答である。必要換気量を求めるザイデルの式においては、室内全体で発生する汚染物質の総量（質量流量または体積流量）を正確に把握し、許容濃度と外気濃度の差分で割るという物理的なエネルギーバランスの法則を厳密に適用しなければならない。人員の総発生量を無視すると極端に過小な換気量となってしまい、室内環境基準を満たすことができなくなる。,"正しい。定常状態における必要換気量 $Q$ $[\mathrm{m^3/h}]$ は、ザイデルの式 $Q = M / (P_i - P_o)$ を用いて算出する。ここで、室内全体での二酸化炭素発生量 $M$ は、在室人員 $20\mathrm{人}$ に一人当たりの発生量 $0.020\mathrm{m^3/(h\cdot 人)}$ を掛けた値であり、$M = 20 \times 0.020 = 0.40\mathrm{m^3/h}$ となる。次に、室内の許容濃度 $P_i = 1,000\mathrm{ppm}$ は絶対的な割合に換算すると $0.001$ となり、外気濃度 $P_o = 400\mathrm{ppm}$ は $0.0004$ となる。これらの数値をザイデルの式に正確に代入すると、$Q = 0.40 / (0.001 - 0.0004) = 0.40 / 0.0006 = 666.66... \mathrm{m^3/h}$ となる。したがって、室内の空気環境を衛生的に保つために最低限必要な外気の取入量として、約 $667\mathrm{m^3/h}$ が最も適当な値として正しく導出される。",誤りである。この数値は、ザイデルの式における分母である「室内許容濃度と外気濃度の差分」の計算において、引き算の順序を間違えたり、外気濃度の影響を過小評価した場合に導き出されるエラーである。二酸化炭素濃度に基づく換気計算は、建築基準法等で定められた良好な室内環境を維持するための最も基礎的かつ重要な設計プロセスであり、各変数の物理的意味を正確に把握した上で公式に適用することが求められる。特に、外気に元々含まれている二酸化炭素濃度（ここでは $400\mathrm{ppm}$）の存在を無視してしまうと、換気によって室内の空気を清浄化する能力を過大評価することになり、実際の運用で室内の空気質が深刻に悪化する結果を招く。,"誤りである。この数値は、室内の総発生量 $M$ の計算で係数を誤認したり、分母の濃度差の計算で単位をそのままパーセント等と混同してしまった場合に生じやすい。大規模な居室の換気計画においては、人員の総発生量がシステム全体の設計容量を決定づけるため、条件の読み落としは致命的な設計ミスに直結する。特に $\mathrm{ppm}$（100万分の1）という微小な単位を扱う際は、$1,000\mathrm{ppm} = 0.001$ のように必ず無次元の小数に変換してから計算を行う癖をつけることが不可欠であり、この単位換算のミスが試験における誤答の最大の原因となる。",image.png,,1,ppmは必ず小数に直す！$1000\mathrm{ppm}=0.001$。ザイデルの式は頻出の絶対公式。,2026年3月29日,"定常状態における室内の二酸化炭素濃度を上限の基準である $1,000\mathrm{ppm}$ 以下に保つために、最低限必要な外気の取入量として最も適当な値は、次のうちどれか。ただし、室内の在室人員は $20\mathrm{人}$、人体一人当たりの二酸化炭素発生量は $0.020\mathrm{m^3/(h\cdot 人)}$ であり、外気の二酸化炭素濃度を $400\mathrm{ppm}$ とする。また、隙間風は考慮しないものとする。",0,6_換気設備
換気設備_011,3,建築物である路外駐車場で、自動車の駐車の用に供する部分の面積が $500\mathrm{m^2}$ 以上であるものについては、その内部の空気を床面積 $1\mathrm{m^2}$ につき $14\mathrm{m^3/h}$ 以上直接外気と交換する能力を有する換気装置を設ける。,外壁又は屋外に取りつけられる排気ガラリの有効開口面風速は、外部の風圧に対する抵抗や騒音の発生、雨水の浸入を考慮して、一般に $3.0 \sim 4.0\mathrm{m/s}$ 程度となるように計画する。,発熱量の大きい機器類が設置されている電気室において、冷房設備が併設されていない場合の必要換気回数は、内部発熱を屋外へ効果的に排出するため、一般に $3 \sim 5\mathrm{回/h}$ 程度とする。,居室の出入口扉の下部などに設けられるドアガラリ（アンダーカット等）の有効開口面風速は、居住者に対する不快な隙間風（ドラフト）や風切り音の発生を防ぐため、一般に $1.5 \sim 2.0\mathrm{m/s}$ 以下とする。,,,予想問題（換気基準とガラリの風速）,正しい。建築基準法および関連法令に基づく路外駐車場などの大規模な自動車車庫においては、エンジンから排出される一酸化炭素（CO）等の有害ガスによる中毒事故や火災時の危険性を排除するため、極めて強力な換気設備を設置することが義務付けられている。具体的な設計基準として、自動車の駐車の用に供する部分の面積が $500\mathrm{m^2}$ 以上であるものについては、その内部の空気を「床面積 $1\mathrm{m^2}$ につき $14\mathrm{m^3/h}$ 以上」直接外気と交換する能力を有する換気装置を設けなければならない。したがって、この基準を満たす設計は適切である。,正しい。建築物の外壁や屋外に面して取り付ける外気取入ガラリや排気ガラリの設計において、有効開口面風速を適切に設定することは、換気性能の確保と環境への配慮の両面から極めて重要である。風速が過大になると、外部風圧に対する抵抗が著しく増大して所定の風量が確保できなくなるほか、激しい風切り音の発生や、雨水・雪の室内への浸入といった深刻なトラブルを引き起こす。そのため、国土交通省の「建築設備設計基準」などにおいて、排気ガラリの有効開口面風速は $3.0 \sim 4.0\mathrm{m/s}$ 程度と規定されており、本記述は極めて妥当である。,誤りである。電気室や変電室においては、変圧器などの受変電設備から定常的に多大な熱が発生するため、室温の異常な上昇を防ぐ目的で十分な換気計画が不可欠である。「冷房設備が併設されていない場合」の電気室の換気回数は、この膨大な機器発熱を自然換気や機械換気（外気導入）のみで処理しなければならないため、非常に大きな換気量が要求され、一般基準として「$10 \sim 15\mathrm{回/h}$」程度という大きな値で設計されるのが原則である。一方、設問にある「$3 \sim 5\mathrm{回/h}$」という少ない換気回数は、「冷房設備を併設して熱処理を行う場合」の基準値である。したがって、冷房設備のない状態に対してこの数値を適用することは、深刻な熱だまりによる機器のトラブルを引き起こすため不適当である。,正しい。居室の出入口扉の下部などに設けられるドアガラリ（アンダーカット等）は、室内の換気経路を確保するための重要な開口部である。しかし、この部分を通過する空気の風速が過大になると、室内を移動する居住者の足元に強い不快な気流（コールドドラフト）を感じさせたり、隙間を通過する際の耳障りな風切り音（騒音）を発生させる原因となる。これを防止するため、国土交通省の「建築設備設計基準」等において、室内のドアガラリの有効開口面風速は「$1.5 \sim 2.0\mathrm{m/s}$ 以下」と厳しく規定されている。したがって、この基準を満たす本設計は適切である。,image.png,,1,電気室は熱が出る！冷房がないなら換気回数は10〜15回/hのフルパワー換気が必要。,2026年3月29日,各種諸室の換気基準および開口部の風速に関する次の記述のうち、最も不適当なものはどれか。,0,6_換気設備
換気設備_012,3,"$4,500\mathrm{m^3/h}$","$6,000\mathrm{m^3/h}$","$9,000\mathrm{m^3/h}$","$10,800\mathrm{m^3/h}$",,,予想問題（熱収支による必要送風量計算）,誤りである。この数値は、計算の過程において室内の発生顕熱量から空調機の冷却能力を差し引く工程を忘れたり、空気の比熱や密度といった定数の乗算において係数 $0.33$（$= 1.2 \times 1.0 / 3.6$）の扱いを誤った場合に算出される可能性がある。熱収支に基づく換気設備の送風量計算においては、室内で処理すべき正味の顕熱負荷を正確に把握し、熱力学的なエネルギー保存則に基づいた公式 $q_s = Q \times C \times \rho \times \Delta t$ に各パラメータの単位を合わせて代入することが極めて重要である。このようなミスは設計容量の致命的な不足を招き、室内の温熱環境を維持できなくなる。,誤りである。この数値は、室内の発生顕熱量 $30\mathrm{kW}$ に対して、空調機による冷却能力 $15\mathrm{kW}$ を全く考慮せず、全負荷を換気設備のみで処理しようとして計算してしまった場合に導かれる典型的な誤答である。実際の空調システムにおいては、空調機と換気設備の役割分担（熱処理と空気浄化および外気冷房効果）を明確に理解し、両者が協調して室内負荷を相殺するというトータルバランスの概念を持って計算に臨むことが不可欠である。全熱量をそのまま換気計算に放り込んでしまうと、無駄に巨大なダクトと送風機を選定することになり、建築設備の経済性と省エネルギー性を大きく損なう結果となる。,"正しい。室内の熱環境を定常状態に保つためには、室内で発生する熱量と、空調機および換気設備によって処理される熱量が完全にバランス（釣り合い）している必要がある。まず、室内の発生顕熱量 $30\mathrm{kW}$ のうち、空調機が処理できる顕熱冷却能力が $15\mathrm{kW}$ であるため、残りの処理すべき顕熱負荷 $q_s$ は $q_s = 30\mathrm{kW} - 15\mathrm{kW} = 15\mathrm{kW}$（$= 15\mathrm{kJ/s}$）となる。この残余の熱量を、導入する外気と室内空気との温度差を利用して換気設備で処理（冷却）するための送風量 $Q$ $[\mathrm{m^3/s}]$ を基本公式 $q_s = Q \times C \times \rho \times (t_r - t_s)$ から逆算する。式に数値を代入すると、$15 = Q \times 1.0 \times 1.2 \times (30 - 25)$ となり、$15 = Q \times 1.2 \times 5 = Q \times 6.0$ となる。これを解くと $Q = 2.5\mathrm{m^3/s}$ である。最後に単位を $[\mathrm{m^3/h}]$ に換算するため $3,600$ を掛けると、$2.5 \times 3,600 = 9,000\mathrm{m^3/h}$ となり、正しく導出される。","誤りである。この数値は、送風量 $Q$ を $[\mathrm{m^3/s}]$ から $[\mathrm{m^3/h}]$ へ換算する際の係数 $3,600$ をそのまま解答として誤認したか、あるいは温度差 $\Delta t$ や空気密度 $\rho$ の計算で約分ミスをした場合に生じやすい。換気による熱処理能力は、空気の質量流量と比熱、そして温度差の積によって厳密に決定される。特に、体積流量を質量流量に変換するための空気密度（$1.2\mathrm{kg/m^3}$）の扱いを忘れると、必要風量を過大または過小に見積もる原因となるため注意が必要である。また、分母にくるべき数値を分子にかけてしまうような代数計算のミスも、このような極端に大きな数値を導き出す一因となる。",image.png,,1,換気による熱処理能力の計算。室内発生熱から空調機の能力を引いた残りを風量でカバーする。,2026年3月29日,換気設備と空調機を設けた発熱のある居室において、イ～チの条件によって計算した換気設備の必要送風量として、最も適当なものは、次のうちどれか。<br>条件<br>イ. 室内の発生顕熱量：$30\mathrm{kW}$<br>ロ. 空調機の顕熱冷却能力：$15\mathrm{kW}$<br>ハ. 導入外気温度：$25\mathrm{^\circ C}$<br>ニ. 室内温度：$30\mathrm{^\circ C}$<br>ホ. 空気の比熱：$1.0\mathrm{kJ/(kg\cdot K)}$<br>ヘ. 空気の密度：$1.2\mathrm{kg/m^3}$<br>ト. 換気設備の送風機と排風機の風量は同じとする。<br>チ. 上記以外の熱取得及び熱損失はないものとする。,0,6_換気設備
