id,answer,choice_1,choice_2,choice_3,choice_4,difficulty,ease_factor,exam_info,exp_1,exp_2,exp_3,exp_4,image,image 1,image 2,interval,my_memo,next_date,question,reps,section
機器_001,4,遠心冷凍機は、吸収冷凍機に比べて、低い温度の冷水を取り出すことができる。,"ヘビーロード仕様の吸収冷凍機は、年間冷房運転時間4,000時間以上、24時間連続運転、高負荷連続運転等に対応できる。",インバータ搭載型の遠心冷凍機は、一般に、定格運転時より部分負荷運転時のほうが、効率が高くなる。,吸収冷凍機の吸収剤には、一般に、アンモニアが用いられる。,A,2.5,令和6年 No.13（空調設備の冷凍機）,正しい。遠心冷凍機は、羽根車（インペラ）を高速回転させることによって生じる遠心力を利用し、ガス状の冷媒を圧縮して液化・蒸発させるサイクルを持つターボ型の冷凍機である。この物理的特性から、中・大規模の空調設備や地域冷暖房システムにおいて広く採用されている。特に、圧縮機による強力な圧力差を人工的に作り出すことができるため、水冷媒を利用する吸収冷凍機（通常$7^\circ\mathrm{C}$程度の冷水）と比較して、はるかに低い温度帯の冷水やブラインを安定して製造することが可能である。産業用プロセス冷却など、より低温が要求される用途においても極めて優れた適応性を示す。,"正しい。吸収冷凍機は通常、冷媒に水、吸収剤に臭化リチウム水溶液を用いる。近年、病院やデータセンター、地域冷暖房プラントなど、空調負荷が年間を通じて発生し、かつ昼夜を問わず連続稼働が求められる施設が増加している。このような過酷な運転条件に対応するため、構成部品の材質の肉厚化や防食処理の強化、溶液ポンプ等の耐久性向上を図った「ヘビーロード仕様」の吸収冷凍機が開発されている。この特別仕様機は、年間冷房運転時間が$4,000\mathrm{h}$を超えるような長時間の連続運転や、高負荷状態が長時間継続する過酷な運転環境においても、高い信頼性と安定性を維持できる。",正しい。遠心冷凍機において、回転数制御を行うためのインバータを搭載したモデルは、部分負荷運転時における省エネルギー性が飛躍的に向上する。従来の一定回転方式では、軽負荷時にベーンを絞ることで容量制御を行うため効率が著しく低下していた。しかし、インバータ制御では負荷の減少に合わせて羽根車の回転数$N$を下げることで、圧縮機の軸動力$P$が回転数の3乗に比例（$P \propto N^3$）して減少するという流体力学的な恩恵を直接受けることができる。冷却水温度が低下する条件と組み合わせることで、定格運転時よりも部分負荷時において圧倒的に高い成績係数（COP）を発揮する。,誤りである。建築物の空調用として広く普及している吸収冷凍機において、冷媒と吸収剤の組み合わせ（作動流体）として最も一般的に用いられているのは、「冷媒としての水」と「吸収剤としての臭化リチウム（$\mathrm{LiBr}$）水溶液」のペアである。水は蒸発潜熱が極めて大きく安全であるが、氷点下では凍結するため、$0^\circ\mathrm{C}$以下の冷却には適さない。設問にある「アンモニア」を冷媒とし「水」を吸収剤とするアンモニア吸収冷凍機も存在するが、これは主に食品工場などの冷凍・冷蔵用途（$0^\circ\mathrm{C}$以下の低温）で用いられるものであり、一般的な空調用吸収冷凍機の吸収剤としてアンモニアが用いられるとする記述は完全に誤りである。,,,,1,吸収冷凍機の吸収液は「臭化リチウム」が定番！アンモニアは食品工場などの冷凍用。,2026年3月29日,空調設備の冷凍機に関する次の記述のうち、最も不適当なものはどれか。,0,9_機器
機器_002,4,屋外機の圧縮機に用いられるDCモーターの効率は、回転数を下げるほど、ACモーターの効率との差が大きくなる。,空調機は、外気処理用には潜熱処理能力が大きいものを、電算室用には顕熱処理能力が大きいものを採用する。,屋内機の選定に当たっては、屋内機の吸込み空気温度に応じて、冷暖房能力を補正する必要がある。,空調機の使用可能な範囲において、冷房能力より暖房能力のほうが、屋外機と屋内機との高低差による影響を受けやすい。,B,2,令和6年 No.15（パッケージ型空調機）,正しい。パッケージ型空調機の室外機（屋外機）に搭載される圧縮機駆動用のモーターにおいて、従来のAC（交流）インダクションモーターに代わり、永久磁石をローターに用いたDC（直流）ブラシレスモーターの採用が主流となっている。ACモーターは回転磁界を発生させる際にローター側のアルミ導体に誘導電流を流す必要があり、ここで二次銅損と呼ばれる電力損失が不可避的に生じる。一方、DCモーターはこの損失がないため全域で高効率であるが、特にインバータで回転数を下げた低負荷領域（低速回転時）において、ACモーターの効率が急激に悪化するのに対し、DCモーターは高い効率を維持するため、両者の効率差は極めて大きくなる。,正しい。空調機を選定する際には、処理すべき熱負荷の性質、すなわち「顕熱（温度変化）」と「潜熱（湿度変化）」の比率（SHF：顕熱比）を的確に把握することが不可欠である。外気処理用の空調機は、夏季の高温多湿な外気を大量に取り込んで除湿冷却する必要があるため、空気中の水分を凝縮させるための「潜熱処理能力」が極めて大きい機種を選定する。これに対し、電算室やサーバー室の空調においては、機器類からの発熱による温度上昇（顕熱負荷）が支配的であり、人体からの発汗等による水分発生（潜熱負荷）はほぼ無いため、温度を下げることに特化した「顕熱処理能力」が大きい専用のパッケージ空調機を採用するのが鉄則である。,正しい。パッケージ型空調機のカタログ等に記載されている定格冷暖房能力は、JIS規格等で定められた特定の標準温湿度条件（例えば冷房時室内側$27^\circ\mathrm{C}$ DB/$19^\circ\mathrm{C}$ WBなど）において測定された基準値である。しかし、実際の建物に設置された場合、屋内機が吸い込む空気の温度や湿度は、室内の発熱状況や外気導入量によって標準条件から大きく逸脱することが一般的である。吸込み空気のエンタルピーや乾球・湿球温度が変われば、熱交換器コイルの熱通過率や対数平均温度差$\Delta t_m$が変化し、実際の熱処理能力も増減する。したがって、機器の選定に際してはメーカーの技術資料に基づき、実際の吸込み空気状態に応じた能力補正を厳密に行う必要がある。,誤りである。パッケージ型空調機において、室外機と室内機を接続する冷媒配管の距離や高低差は、配管内の圧力損失を引き起こし、機器の能力を低下させる大きな要因となる。特に「冷房運転時」において、室外機が室内機よりも上方に設置されている場合、液管内の冷媒を重力に逆らって上部へ押し上げる必要があり、この「液柱の高さ相当分」が圧縮機にとって極めて大きな抵抗（圧力損失）となるため、冷房能力の低下が顕著に現れる。これに対して「暖房運転時」は、冷媒の循環方向が逆転しガス状態で立ち上がる等の相変化の特性により、高低差による能力低下の影響は冷房時に比べて相対的に少ない。したがって、設問の記述は逆であり誤りである。,,,,1,配管の高低差による能力低下は、液を上に押し上げる「冷房能力」の方が影響を受けやすい！,2026年3月29日,パッケージ型空調機に関する次の記述のうち、最も不適当なものはどれか。,0,9_機器
機器_003,1,ユニット型番は冷却・加熱能力、冷水・温水温度条件、空気温湿度条件等によって決まり、コイル列数は風量とコイル面風速によって決まる。,ポンプの動力は、冷水・温水のコイル出入口温度差を大きくすると、小さくなる。,病院の手術室等における風量制御方式には、インバータノイズの発生を防止するために、インバータ方式に代えてスクロールダンパー方式を採用する場合がある。,水噴霧式加湿器を用いる場合には、水の飛散を防止するために、エリミネーターを設ける。,C,1.5,令和5年 No.13（エアハンドリングユニット）,誤りである。エアハンドリングユニット（AHU）の機器設計において、各要素の決定プロセスを正しく理解することは極めて重要である。ユニットの大きさの基準となる「ユニット型番（ケーシングサイズやコイルの正面面積$A$）」は、処理すべき「風量$Q$」と、コイルを通過する空気の「コイル面風速$v$」によって一義的に決定される（$A = Q / v$）。一方、「コイルの列数（奥行き方向の管の列数）」は、要求される冷却・加熱能力（全熱量$q$）、空気と冷温水との対数平均温度差$\Delta t_m$、および熱通過率$K$などを用いた複雑な「伝熱計算」によって決定される。設問は、型番とコイル列数の決定要因が完全に逆転して記述されているため不適当である。,正しい。空調システムにおける冷温水ポンプの軸動力$P$は、循環する冷温水の「流量$Q$」と「全揚程$H$」の積に比例する。処理すべき熱負荷$q$が一定である場合、流量$Q$とコイル出入口の温度差$\Delta t$との間には、$q = c \cdot \rho \cdot Q \cdot \Delta t$ という熱力学的な比例関係が成り立つ。したがって、大温度差送水方式などを採用してコイル出入口の温度差$\Delta t$を通常より大きく設定すると、必要な循環水量$Q$はそれに反比例して減少する。水量が減少すれば配管内の摩擦抵抗も減り、さらにポンプの搬送動力は水量の3乗に比例して小さくなるため、空調システム全体の省エネルギー化に極めて大きく貢献する。,正しい。変風量（VAV）方式を採用した空調システムにおいて、送風機の風量制御を行う代表的な手法として、周波数変換による「インバータ方式」と、送風機の吸込口や吐出口の面積を物理的に変える「スクロールダンパー方式（ベーンコントロールなど）」がある。インバータ方式は省電力効果が圧倒的に高いものの、高周波の電気的ノイズ（インバータノイズ）を発生させるリスクが常に伴う。病院の手術室や集中治療室（ICU）のように、人命に直結する微小な生体信号を扱う精密な電子医療機器が多数稼働している環境では、このノイズによる誤作動を完全に排除するため、あえて省エネ性を犠牲にして機械的なスクロールダンパー方式が採用される。,正しい。高圧噴霧式などに代表される水噴霧式加湿器は、高圧ポンプで昇圧した水を微細なノズルから霧状の水滴粒子として空気中に直接噴霧し、空気との接触による自然蒸発を利用して加湿を行う装置である。この方式において、水滴が完全に気化して水蒸気になるまでには、ある程度の滞留時間と空間（加湿吸収距離）が絶対的に必要となる。もし十分な距離が取れず、蒸発しきれなかった水滴がそのままダクト内部や室内に飛散してしまうと、結露やカビの発生、内部機器の腐食といった深刻な二次被害を引き起こす。これを完全に防止するため、加湿器のすぐ下流側には、気流中の未蒸発水滴を物理的に衝突させて捕集・除去する「エリミネーター（水滴除去器）」の設置が不可欠である。,,,,1,風量と面風速で決まるのは「正面面積（ユニットサイズ）」。列数は複雑な伝熱計算で決まる！,2026年3月29日,エアハンドリングユニットに関する次の記述のうち、最も不適当なものはどれか。,0,9_機器
機器_004,1,水管ボイラーは、起動時間は長いが、大容量に適している。,小型貫流ボイラーは、負荷変動に対する追従性は高いが、厳密な水処理が必要である。,炉筒煙管ボイラーは、分割搬入はできないが、現場での工事はほとんど不要である。,真空式温水発生機は、運転中の内部圧力が大気圧よりも低いので、取扱い資格が不要である。,C,1.5,令和5年 No.14（温熱源機器）,誤りである。水管ボイラーは、上部の蒸気ドラムと下部の水ドラムの間に多数の水管を配置し、管内を循環する水を管外の燃焼ガスで加熱して蒸気を発生させる構造を持つ。この構造は高耐圧・大容量の蒸気供給に極めて適しており、大規模プラント等で主力として用いられる。最大の物理的特徴として、ボイラーの巨大な規模に対して「保有水量が非常に少ない」ことが挙げられる。保有水量が少ないため、点火してから水が沸騰し定格蒸気が発生するまでの「起動時間（立ち上がり時間）は非常に短い」というのが正しい特性である。したがって「起動時間が長い」とする設問の記述は不適当である。ただし水量が少ない分、負荷急変時の制御は高度な技術を要する。,正しい。小型貫流ボイラーは、ドラム（貯水部）を持たず、1本または複数本の長い水管の一端から給水し、管内を水が流れる過程で予熱、加熱、蒸発、過熱を連続的に行って他端から蒸気を取り出す先鋭的な構造である。保有水量が極端に少ないため、点火後数分という圧倒的な短時間で蒸気を発生でき、負荷変動に対する追従性が極めて高い。しかし、管内で水が完全に蒸発・濃縮されるという熱力学的プロセスを経るため、給水中にカルシウムやマグネシウムなどの硬度成分（不純物）がわずかでも含まれていると、管内壁にスケールが激しく析出する。これが伝熱を阻害し管の過熱・破裂を即座に引き起こすため、軟水器等による「厳密な水処理」が安全運転の絶対条件となる。,正しい。炉筒煙管ボイラーは、巨大な円筒形のボイラー胴体の内部に、主燃焼室となる「炉筒」と、高温の燃焼ガスを通過させて熱を水に伝える多数の「煙管群（対流伝熱面）」を配置した構造である。この構造上、工場で胴体内部の溶接や組み立てを完全に終えた「パッケージ型」として出荷されるため、現地で部品を細かく分割して搬入・組み立てることは不可能である。しかし、分割搬入ができない反面、現場に据え付けた後は、給水管や燃料管、蒸気管などの外部配管および電気配線を接続するだけで即座に稼働できるため、現場での大掛かりな築炉工事や組み立て工事はほとんど不要であり、工期の大幅な短縮と品質の安定化に大きく寄与する。,正しい。真空式温水発生機は、完全に密閉された缶体の内部を真空ポンプ等によって大気圧より低い約$33\mathrm{kPa}$程度の真空状態（負圧）に減圧・保持した上で、少量の熱媒水を加熱・沸騰させ、発生した低温の蒸気を利用して内蔵する熱交換器で温水を製造する安全性の高いシステムである。この機器の最大の特長は、運転中における内部の圧力が常に「大気圧以下」に保たれている点にある。これにより、万が一缶体が破損するような事態が生じても、外部に向かって破裂・爆発する危険性が物理学的に全く存在しない。そのため、労働安全衛生法に基づく「ボイラー及び圧力容器安全規則」におけるボイラーとしての厳しい法適用を一切受けず、特別な設置届出や取扱者の資格が不要となっている。,,,,1,水管ボイラーは保有水量が少ないからすぐにお湯が沸く！起動時間は「短い」が正解。,2026年3月29日,温熱源機器に関する次の記述のうち、最も不適当なものはどれか。,0,9_機器
機器_005,4,HEPAフィルターは、中性能エアフィルターに比べて、粒径の小さい粒子に対する捕集率が高い。,粉じん用のフィルターにおいては、圧力損失の上昇が、フィルターの寿命等の判定に利用できる。,活性炭フィルターのガス除去率は、対象ガスの物性、空調環境の温度・湿度等に大きく影響される。,化学吸着式フィルターは、主として有機系ガスを対象に用いられる。,B,2,令和5年 No.15（空気浄化装置）,正しい。エアフィルターの性能は、捕集対象となる粉じん（粒子）の大きさ（粒径）と捕集率によって厳密に分類されている。JIS規格において、中性能エアフィルターは主として粒径が$5\mu\mathrm{m}$より小さい粒子の除去に対して中程度の捕集率を持つものと定義される。一方、HEPA（High Efficiency Particulate Air）フィルターは、極めて微細な粒径$0.3\mu\mathrm{m}$の粒子に対して$99.97\%$以上という驚異的な捕集率を持つ超高性能フィルターである。主に半導体工場のクリーンルームや病院の無菌室など、高度な清浄度が要求される空間で用いられ、中性能フィルターと比較して微小粒子に対する捕集能力は圧倒的に高い。,正しい。空調機内に設置された粉じん除去用のエアフィルターは、空気をろ過して粉じんを捕集し続けるにつれて、フィルターのろ材の網目に徐々に粉じんが目詰まりしていく。この目詰まりが進行すると、空気がフィルターを通過する際の物理的な抵抗、すなわち「圧力損失（静圧降下）」が不可避的に上昇する。一般に、フィルターの寿命は、初期の圧力損失が一定の基準値（例えば初期値の1.5倍から2倍程度）に達した時点、あるいは規定の最終圧力損失に到達した時点をもって判定される。圧力損失の上昇を放置すると、送風機の風量低下や搬送動力の無駄な増大を招くため、差圧計を用いて圧力損失を常時監視し、適切なタイミングで交換することが経済的かつ合理的である。,正しい。活性炭フィルターは、多孔質である活性炭の表面に存在する無数の微細な孔（細孔）を利用して、空気中の臭気成分や有害なガス分子を物理的に吸着し、あるいは一部を化学的に吸着することで除去する装置である。この吸着現象は熱力学的な平衡状態に依存するため、非常にデリケートである。具体的には、対象となるガスの分子量や極性といった「物性」はもちろんのこと、空調環境の「温度」や「湿度」に極めて大きく影響を受ける。一般に、環境温度が高くなると吸着されたガスが再び離脱（脱着）しやすくなり除去効率が低下するほか、湿度が高すぎると細孔内に水蒸気が凝縮してガスの吸着を阻害するため、温湿度管理が性能維持の鍵となる。,誤りである。空気浄化に用いられる化学吸着式フィルターは、活性炭や合成繊維、樹脂などの多孔質基材に、特殊な反応薬剤を添着させたり、イオン交換基を付与したりして製造された高度なフィルターである。このフィルターは、通常の活性炭による「物理吸着」では分子極性や揮発性の問題から捕集が極めて困難な、アンモニアや硫化水素、二酸化硫黄といった「無機系ガス（悪臭や腐食性ガス）」を化学反応によって確実に対象化し、分解・除去することを主たる目的として開発・使用されている。したがって、設問にあるような「主として有機系ガスを対象に用いられる」とする記述は、化学吸着式フィルターの本来の開発目的と適用対象を誤って捉えており不適当である。,,,,1,化学吸着式フィルターは、普通の活性炭では取れない「無機系ガス（アンモニア等）」を狙い撃ちにする！,2026年3月29日,空気浄化装置に関する次の記述のうち、最も不適当なものはどれか。,0,9_機器
機器_006,3,プレート式熱交換器は、小温度差の熱交換に適している。,蒸気対温水の熱交換器には、多管式、貯湯槽式、プレート式等が用いられる。,冷水コイルの必要列数は、コイルの正面面積に反比例し、空気と冷水の対数平均温度差に比例する。,回転型全熱交換器は、吸湿性のあるハニカムローターを回転させて、排気と外気の間で熱交換を行うものである。,C,1.5,令和4年 No.13（熱交換器）,正しい。プレート式熱交換器は、流体通路をプレス成形した薄い金属プレート（ステンレスやチタン等）を多数重ね合わせ、その間にパッキンを挟んでボルトで強力に締め付けた構造を持つ熱交換器である。プレート1枚ごとに高温側流体と低温側流体が完全に交互かつ対向流（カウンターフロー）で流れるように設計されている。この構造により、装置全体の体積に対して伝熱面積を極めて大きく確保でき、さらに流体の乱流効果によって熱通過率が飛躍的に高まるため、熱交換効率が非常に良い。その結果、両流体の温度差が極めて小さい「小温度差の熱交換」においても十分な性能を発揮する優れた特性を有している。,正しい。蒸気を熱源として温水を製造する「蒸気対温水」の熱交換器には、用途や規模に応じて複数の形式が実務で広く用いられている。円筒形のシェル（胴）の内部に多数の伝熱管（チューブ）を配置し、管内と管外の流体間で熱交換を行う堅牢な「多管式（シェルアンドチューブ式）」、多量の温水を蓄えることができるタンク内に蒸気加熱コイルを組み込んだ「貯湯槽式（ストレージ式）」、そして伝熱効率が極めて高く省スペース化が可能な「プレート式」などが代表的である。システムの要求負荷変動や設置スペースの制約、メンテナンス性を総合的に評価して最適な形式が選定される。,誤りである。冷水コイルの伝熱性能計算において、必要列数$N$を求める実用的な基本公式は $N = q / (K \cdot c \cdot F_A \cdot \Delta t_m)$ と表される（$q$:全冷却能力、$K$:熱通過率、$c$:濡れ面係数、$F_A$:コイル正面面積、$\Delta t_m$:対数平均温度差）。この物理公式から明らかなように、要求される熱量を処理するための「必要列数」は、分母にある「コイルの正面面積$F_A$」および「対数平均温度差$\Delta t_m$」の**両方に反比例**する関係にある。対数平均温度差が大きい（熱を伝えやすい温度条件である）ほど、少ない列数で目的の熱交換を達成できるため、「温度差に比例する」とする本記述は数学的にも物理的にも完全に誤りである。,正しい。回転型全熱交換器は、吸湿性を付与された特殊な素材で作られたハニカム状（蜂の巣状）のローターを、モーターでゆっくりと回転させる構造を持つ省エネルギー機器である。このローターの半分に室内の排気（EA）を通し、もう半分に屋外からの新鮮外気（OA）を通すことで、ローターを媒体として両者間で「温度（顕熱）」と「湿度（潜熱）」の両方を同時に交換（全熱交換）する。例えば夏期であれば、冷房されて冷たく乾燥した排気の冷熱と乾燥状態をローターが蓄え、そこへ高温多湿な外気が通過することで、外気は予冷・減湿されて室内に導入され、空調機の外気負荷を大幅に削減することができる。,,,,1,列数を求める計算式をイメージ！対数平均温度差が大きいほど熱が伝わりやすいから、列数は少なくて済む（反比例）！,2026年3月29日,熱交換器に関する次の記述のうち、最も不適当なものはどれか。,0,9_機器
機器_007,3,パッケージ型空調機に用いられているHFC冷媒は、地球温暖化係数が高い。,屋内機の選定に当たっては、屋内機の吸込み空気温度に応じて、冷暖房能力を補正する必要がある。,冷房能力は、空調機の使用可能な範囲において、屋外機と屋内機との高低差による影響を受けない。,ガスエンジンヒートポンプパッケージ型空調機は、エンジンの回転で圧縮機を駆動する。,B,2,令和4年 No.14（パッケージ型空調機）,正しい。パッケージ型空調機をはじめとする現代の冷凍空調機器に広く用いられているHFC（ハイドロフルオロカーボン）冷媒は、塩素原子を含まないためオゾン層破壊係数（ODP）はゼロであるという環境上の利点を持つ。しかしその一方で、二酸化炭素（$\mathrm{CO_2}$）と比較して数千倍から数万倍という極めて高い「地球温暖化係数（GWP）」を有しているという重大な環境問題を抱えている。大気中に放出されると強烈な温室効果をもたらすため、フロン排出抑制法等に基づき、機器の廃棄時のみならず運用時の漏えい防止や、GWPのより低い次世代冷媒（HFO等）への転換が国際的な急務となっている。,正しい。パッケージ型空調機の製品カタログに記載されている定格冷暖房能力は、JIS等で規定された特定の標準温度条件（例えば冷房時の室内吸込空気温度$27^\circ\mathrm{C}$ DB、$19^\circ\mathrm{C}$ WBなど）を前提として測定された理想値である。実際の建築空間に設置して運用する場合、屋内機が吸い込む空気の温度や湿度は、室内の発熱負荷や外気導入量などの条件によって標準値から大きく変動する。吸込空気のエンタルピーが変化すれば、熱交換器の伝熱性能や圧縮機の効率も連動して変化するため、設計段階においてメーカーの技術資料（能力補正係数表など）を参照し、実際の吸込み空気温度に基づく厳密な能力補正を行うことが絶対に必要である。,誤りである。パッケージ型空調機の冷房能力は、決して常に一定に保たれるものではなく、設置条件によって大きく低下する物理的特性を持つ。室外機と室内機を接続する冷媒配管の距離が長くなればなるほど、配管内部の摩擦抵抗によって冷媒の圧力損失が増大し、圧縮機の効率低下を招く。さらに重大なのが「高低差」の影響であり、特に室外機が室内機よりも上方に設置されている冷房運転時においては、液配管内の重い液冷媒を重力に逆らって上部へ押し上げる必要が生じる。この「液柱の高さ相当分の圧力」が圧縮機にとって巨大な抵抗となるため、冷房能力は高低差の影響を受けて明確に低下する。影響を受けないとする記述は誤りである。,正しい。ガスエンジンヒートポンプパッケージ（GHP）型空調機は、電気モーターの代わりに都市ガスやプロパンガスを燃料とする「ガスエンジン」を原動機として用い、その機械的な回転動力によって冷凍サイクルの心臓部である圧縮機（コンプレッサー）を直接駆動する空調システムである。電気を使用する一般的な電気式ヒートポンプ（EHP）と比較して、受電設備の容量を大幅に削減できるため電力ピークカットに絶大な効果を発揮する。さらに、暖房運転時にはガスエンジンの冷却水から得られる高温の排熱を効果的に回収して暖房熱源として直接利用できるため、極寒冷地においても霜取り運転による暖房能力の低下が少なく、非常に立ち上がりの早い強力な暖房が可能となる。,,,,1,冷媒の配管は長かったり高低差があったりすると、圧力がロスして能力が落ちる！「影響を受けない」は引掛け。,2026年3月29日,パッケージ型空調機に関する次の記述のうち、最も不適当なものはどれか。,0,9_機器
機器_008,1,冷却塔は、冷却水出口温度を冷凍機の上限温度まで上げて運転したほうが、冷凍機の省エネルギー運転となる。,冷却塔の白煙防止の方法には、冷却塔の充填材を出た後の高温・高湿の空気を加熱する方法がある。,吸収冷凍機用の冷却塔は、一般に、圧縮冷凍機用の冷却塔に比べて、冷凍機の単位冷凍能力当たりの冷却水量が多い。,密閉式冷却塔は、散水用水の保有水量が少ないので、散水用水の中の不純物が濃縮されやすい。,B,2,令和4年 No.15（冷却塔）,誤りである。冷凍機（特に遠心式などの圧縮式冷凍機）の成績係数（COP）は、凝縮器へ供給される冷却水の温度が低いほど、圧縮機の圧縮比が小さくなるため飛躍的に向上する。したがって、冷凍機の省エネルギー運転を達成するためには、冷却塔の送風機を積極的に稼働させて、冷却水出口温度を冷凍機が許容する「下限温度」付近まで極力下げて運転するのが熱力学的なセオリーである。冷却水温度をわざわざ「上限温度まで上げて運転する」ことは、冷凍機の圧縮動力を著しく増大させるため、省エネルギーの観点から完全に逆効果であり、最も不適当な記述である。ただし下がり過ぎると冷凍サイクルが不安定になるため下限値の管理は必要である。,正しい。冬期や中間期など外気温が低く湿度が高い時期に冷却塔を運転すると、冷却塔から排出される「高温・高湿の飽和空気」が、冷たい外気と混ざり合う過程で急速に冷却され、含みきれなくなった水蒸気が凝縮して微細な水滴となり「白煙」として視認される。これを防止するための代表的な技術手法として、冷却塔の充填材を通過した直後の高湿な排気に対して、加熱コイル（ヒーター等）を用いて顕熱を与えて加熱し、空気の相対湿度を低下させてから大気中に放出する「排気加熱方式」や、取り込んだ外気を加熱して混合する「外気加熱混合方式」などが実務で広く採用されている。,正しい。吸収冷凍機は、圧縮式冷凍機のような機械的な圧縮仕事の代わりに、再生器における熱エネルギー（蒸気やガスの燃焼熱）の投入によって冷媒の圧力差を作り出す熱駆動型のシステムである。この熱力学的なサイクルの特性上、冷却塔で大気中に放出（冷却）しなければならない熱量は、蒸発器から汲み上げた「冷房負荷（冷凍能力）」に加えて、再生器で投入された「巨大な駆動熱量」の合計となる。電気モーターの動力のみを放出する圧縮式冷凍機と比較して、棄却すべき総排熱量が物理的に非常に大きくなるため、同じ冷凍能力であっても吸収冷凍機用の冷却塔は、より多くの冷却水量と巨大な設備容量を必要とする。,正しい。密閉式冷却塔は、塔内部に密閉された伝熱管（銅管等）を配置し、その管内に空調機等を循環する冷却水（密閉水）を通し、管の外側から「散水用水」をスプレーしてその蒸発潜熱で間接的に冷却する構造である。空調配管系が外気に触れないため水質管理が容易であるという絶大なメリットがある。しかし、外側で蒸発を繰り返す「散水用水」のシステムに着目すると、下部水槽に貯められている保有水量が開放式冷却塔に比べて非常に少ない。そのため、水分の蒸発に伴って水中のカルシウムやシリカなどの不純物（硬度成分）が極めて短時間で高濃度に濃縮されやすく、伝熱管表面への激しいスケール付着を引き起こすリスクが高い。定期的なブローダウンや厳密な水質管理が必須となる。,,,,1,冷凍機は冷たい水で冷やした方が効率が良い！冷却水温度を「上限まで上げる」のは省エネの真逆。,2026年3月29日,冷却塔に関する次の記述のうち、最も不適当なものはどれか。,0,9_機器
機器_009,2,遠心冷凍機は、吸収冷凍機に比べて、低い温度の冷水を取り出すことができる。,インバータ搭載型の遠心冷凍機は、一般に、定格運転時より部分負荷運転時のほうが、効率が高くなる。,排熱投入型吸収冷凍機は、コージェネレーションシステムからの排温水を、その温度が低い場合や量が少ない場合であっても、予熱源として利用することができる。,吸収冷凍機の冷媒には、一般に、臭化リチウム水溶液が用いられる。,A,2.5,令和3年 No.13（空調設備の冷凍機）,正しい。遠心冷凍機は、羽根車（インペラ）の高速回転による遠心力を用いてガス状の冷媒を強力に圧縮する冷凍機である。この機械的な圧縮プロセスにより、非常に大きな圧力差を人為的に作り出すことができるため、水を冷媒とする吸収冷凍機（通常$7^\circ\mathrm{C}$程度の冷水製造が限界）と比較して、物理的にはるかに低い温度帯の冷水やブライン（不凍液）を容易に取り出すことが可能である。そのため、一般的な事務所ビルの空調用途にとどまらず、より過酷な低温環境が要求される地域冷暖房システムや、厳密な温度管理が必要な大規模な工場・産業用プロセス冷却の熱源として極めて優れた性能を発揮する。,誤りである。インバータ搭載型の遠心冷凍機は、モーターの回転数を自在に制御できるため、空調負荷が減少した「部分負荷運転時」には回転数を下げて大幅な省エネルギー（効率向上）を実現できるという素晴らしい特性を持つ。しかし、負荷が100%に近い「定格運転時」においては、インバータ装置を通過する際に生じる電気的な変換損失（スイッチング損失や発熱など）が不可避的に発生するため、インバータを搭載していない従来の定速型遠心冷凍機と比較して、逆に「効率がわずかに低下する」という物理的・電気的な弱点を持っている。したがって「定格運転時より部分負荷運転時のほうが効率が高くなる」という一般的な傾向は正しいが、問題文の文脈（※直前出題の類似問題との兼ね合いで正誤判定が変わるケースがあるが、ここではインバータそのものの損失に関する知識を問う引掛けの可能性がある）に注意が必要。※実際の試験では「常に定格運転に近い大容量で運転する用途には（インバータの損失分があるため）有効ではない」という論点が問われる。,正しい。排熱投入型ガス吸収冷温水機は、ガスエンジンなどを利用したコージェネレーションシステム（熱電併給システム）から排出される温水（エンジンのジャケット冷却水など）の未利用熱エネルギーを、吸収液の再生プロセスに有効活用する高度な省エネ機器である。このシステムにおいて、排温水の温度が十分に高くない場合や、流量が変動して少ない場合であっても、排温水用の熱交換器を通過させて吸収液を「予熱」するための熱源として無駄なく利用することができる。これにより、主熱源である都市ガスの燃焼消費量を確実に削減でき、システム全体の総合エネルギー効率を飛躍的に高めることが可能となっている。,誤りである。空調用として最も広く普及している吸収冷凍機の作動流体の組み合わせにおいて、「冷媒」として用いられるのは蒸発潜熱が極めて大きい「水」である。そして、その蒸発した水蒸気を強力に吸収して真空状態を維持するための「吸収剤（吸収液）」として「臭化リチウム（$\mathrm{LiBr}$）水溶液」が用いられる。設問では「冷媒には臭化リチウム水溶液が用いられる」と記述されており、冷媒と吸収剤の役割が完全に逆転しているため、熱力学的なシステム構成として明確に誤りである。水が蒸発して熱を奪い、それを塩水（臭化リチウム）が吸うという基本的なメカニズムを理解しておく必要がある。,,,,1,臭化リチウムは「吸収剤」。冷やしてくれる「冷媒」はただの「水」！役割が逆になっている引掛け問題。,2026年3月29日,空調設備の冷凍機に関する次の記述のうち、最も不適当なものはどれか。,0,9_機器
機器_010,1,気化式加湿器は、ぬれ表面に通風するなどし、空気に湿り気をもたせて加湿するものであり、加湿前後の空気温度は変わらない。,超音波式加湿器は、振動子によって水を霧化し、空気中に直接噴霧するものであり、給水中に含まれる不純物が空気中に飛散しやすい。,パン型加湿器は、水槽内に設置したシーズヒーターに通電し、水を加熱沸騰させて蒸気を発生させるものである。,蒸気式加湿器は、応答性が良いので、高精度の湿度制御が可能である。,B,2,令和3年 No.14（空調設備の加湿装置）,誤りである。気化式加湿器は、水を含んだ透湿膜やフィルターなどの「ぬれ表面」に空気を通過させ、水の自然蒸発力を利用して空気を加湿する方式である。水が液体の状態から気体（水蒸気）へと状態変化する際、周囲の空気から多量の蒸発潜熱（気化熱）を強制的に奪い取るという熱力学的な物理現象が必ず発生する。そのため、加湿器を通過した空気は、水分を得て絶対湿度が上昇すると同時に、顕熱を奪われることによって「加湿後の空気温度（乾球温度）は確実に低下する」のが正しい。加湿前後で空気温度が変わらないとする本記述は、熱力学のエネルギー保存則に反しており明確に誤りである。,正しい。超音波式加湿器は、水槽の底部に設置された超音波振動子から発生する高周波の振動エネルギーを利用して、液体の水を極めて微細な水滴（霧）に物理的に破砕し、内蔵ファンで空気中に直接噴霧する水噴霧式加湿器の一種である。水を沸騰させて純粋な水蒸気にする蒸気式とは異なり、水道水中に溶け込んでいるカルシウムやマグネシウムなどの不純物（硬度成分）や残留塩素が、水滴の中にそのまま含まれた状態で室内に放出される。水分が蒸発した後にこれらの不純物が「白い粉（白粉現象）」として室内に飛散し、OA機器等の故障の原因となるため、純水器の併用が強く推奨される。,正しい。パン型加湿器（電熱式加湿器とも呼ばれる）は、ステンレス製などの水槽（パン）の内部に、電気抵抗発熱体であるシーズヒーターを直接組み込んだ構造を持つ。ヒーターに通電して発生するジュール熱によって水槽内の水を直接加熱・沸騰させ、クリーンな水蒸気を発生させる装置である。構造が極めてシンプルで信頼性が高く、メンテナンスも容易であるため、コンパクトなパッケージ型空調機などに広く内蔵されている。発生するのは沸騰プロセスを経た純粋な水蒸気であるため、スケール等の不純物が空気中に飛散する心配がなく極めて衛生的であるが、水の加熱に多大な電力を消費するという特徴がある。,正しい。蒸気式加湿器（蒸気噴霧式加湿器）は、ボイラー等の外部熱源で生成された高温・高圧の清浄な蒸気を配管で導き、電動バルブ等の制御弁を開閉して空調機やダクト内へ直接噴霧する方式である。噴霧されるのは既に気体の状態である「蒸気」であるため、空気中に放出されると瞬時に混合・拡散し、水噴霧式のように水滴が蒸発するまでのタイムラグ（加湿吸収距離）が全くない。そのため、加湿の立ち上がりが極めて迅速であり「応答性に優れる」という大きな利点を持つ。バルブの開度調整によって精密かつ高精度な湿度制御を行うことが可能であり、美術館や手術室等で多用される。,,,,1,水が気体になるには周りの熱を奪う（気化熱）！だから気化式加湿器を通ると空気の温度は「下がる」のが正解。,2026年3月29日,空調設備の加湿装置に関する次の記述のうち、最も不適当なものはどれか。,0,9_機器
機器_011,1,静電式空気浄化装置は、直流高電圧を使い粉じんを帯電させ、クーロン力で吸引・捕集するものであり、比較的大きな粉じん用に適している。,活性炭フィルターのガス除去率は、対象ガスの物性、空調環境の温度・湿度等に大きく影響される。,化学吸着式フィルターは、一般に、物理吸着捕集ができにくい無機系ガス等を対象に使用される。,質量法と計数法による粉じん捕集率は、一般に、同一のエアフィルターに対しても異なった値となる。,A,2.5,令和3年 No.15（空気浄化装置）,誤りである。静電式空気浄化装置（電気集じん器）は、放電極に直流高電圧を印加してコロナ放電を起こし、通過する空気中の粉じんにマイナスの電荷を与えて帯電させ、プラスに帯電した集じん極板にクーロン力（静電気力）によって強力に吸引・捕集する装置である。この方式は、通常のフィルターでは捕集が困難なタバコの煙などの「極めて微細な粉じん（$0.1 \sim 1\mathrm{\mu m}$程度）」を効率よく捕集するために用いられる。「比較的大きな粉じん用に適している」とする本記述は、原理的特徴を完全に誤認しており不適当である。粗大な粉じんはプレフィルター等で事前に除去するのが一般的である。,正しい。活性炭フィルターは、ヤシ殻などを炭化させた活性炭の表面にある無数の微細な細孔にガス分子を閉じ込める「物理吸着」の原理を利用して有害ガスや臭気を除去する。この物理吸着現象は、ガスの分子量や沸点といった物性に強く依存する。また、吸着は発熱反応であるため周囲の温度が低いほど吸着量が増加し、逆に相対湿度が高い場合は、空気中の水蒸気が先に細孔を埋めてしまい、目的のガスの吸着を著しく阻害する。したがって、空調環境の温度や湿度によって除去性能が大きく影響を受けるため、温湿度管理が性能維持の鍵となる。,正しい。化学吸着式フィルターは、ろ材となる活性炭や特殊な合成繊維の表面に、酸性またはアルカリ性の反応薬剤を添着させたり、イオン交換樹脂の機能を持たせたりした高度な空気浄化装置である。通常の活性炭による細孔への「物理吸着」では分子量が小さく吸着・保持することが非常に困難な、アンモニアや硫化水素、窒素酸化物といった「無機系ガス」を、確実な化学反応（中和反応など）によって強固に捕集・無害化することを目的として特別に設計・使用されている。悪臭や腐食性ガスの除去に極めて有効である。,正しい。エアフィルターの粉じん捕集率を評価する試験方法には、JIS規格において複数の測定法が規定されている。「質量法」は、捕集した粉じんの「重さ」の割合で効率を求めるため、質量の大きい粗大粒子の影響が強く出る。「計数法（パーティクルカウンター法）」は、光散乱などを利用して通過した粉じんの「個数」を直接カウントするため、質量の軽い微細な粒子の影響を正確に評価できる。評価の基準（重さか個数か）が根本的に異なるため、全く同一のフィルターを試験した場合でも、両者の数値は明確に異なった値として算出される。,,,,1,静電式（電気集じん）は、タバコの煙のような「極めて微細な粉じん」を静電気で捕まえる！,2026年3月29日,エアフィルター等に関する次の記述のうち、最も不適当なものはどれか。,0,9_機器
機器_012,1,送風機が設置されたダクトの断面Aから断面Bに至る全圧損失は、断面Aと断面Bにおける静圧の差のみによって算出される。,ダクト内を流れる空気の全圧は、静圧と動圧の和として表され、流れの下流に向かうに従って摩擦や局部抵抗により減少する。,送風機の静圧は、送風機の全圧から、送風機吐出し口における動圧を差し引いた値として定義される。,ダクト内の動圧は、空気の密度と平均流速の2乗に比例して大きくなる。,B,2,令和2年 No.13（送風機の圧力計算）,誤りである。ダクト系統における任意の2点間（断面Aから断面B）の「全圧損失」は、単なる静圧の差だけで算出することは絶対にできない。ベルヌーイの定理により、空気の持つ全エネルギー（全圧 $P_t$）は、静圧 $P_s$ と動圧 $P_v$ の和（$P_t = P_s + P_v$）である。したがって、断面Aと断面Bの間の全圧損失 $\Delta P_t$ は、両断面における「静圧と動圧の和の差」、すなわち $\Delta P_t = (P_{sA} + P_{vA}) - (P_{sB} + P_{vB})$ によって厳密に算出されなければならない。ダクト径が変化して風速（動圧）が変わる場合、静圧差だけでは致命的な計算ミスとなるため不適当である。,正しい。ダクト内を流動する空気の圧力エネルギーである全圧（Total Pressure）は、ダクト壁面を垂直に押す力である静圧（Static Pressure）と、空気の流れの速度エネルギーに相当する動圧（Velocity Pressure）の和として $P_t = P_s + P_v$ で表される。この全圧は、流体がダクト内を移動する過程において、管壁との摩擦抵抗や、曲がり管・分岐管等の形状変化に伴う局部抵抗によってエネルギーが熱等に変換されて失われるため、上流から下流に向かうに従って必ず減少していくという流体力学・熱力学の基本原則に厳密に従う。,正しい。送風機の性能を表す指標のうち、「送風機静圧（Fan Static Pressure）」は、空調機の機外抵抗（ダクト系の摩擦損失や局部抵抗など）に打ち勝つために必要な圧力を示す。定義上、送風機静圧 $P_s$ は、送風機が空気に与えた総エネルギーである「送風機全圧 $P_t$」から、送風機の吐出し口から排出される空気の速度エネルギーである「送風機吐出し口動圧 $P_{v2}$」を差し引いた値（$P_s = P_t - P_{v2}$）として明確に規定されている。機器選定において最も頻繁に用いられる重要な数値である。,正しい。ダクト内を流れる空気の動圧（Velocity Pressure） $P_v$ は、流体の持つ運動エネルギーを圧力として表現したものであり、流体力学の公式において $P_v = \frac{1}{2} \rho v^2$ [Pa] で表される。ここで $\rho$ は空気の密度 [$\mathrm{kg/m^3}$]、$v$ は空気の平均流速 [$\mathrm{m/s}$] である。この数式が明確に示している通り、動圧は空気の密度に比例し、さらに「流速の2乗に比例」して急激に大きくなるという物理的特性を持っている。風速が2倍になれば、動圧は4倍となる。,,,,1,全圧損失は「全圧の差」！静圧だけで計算すると、風速が変わった時に大間違いをする。,2026年3月29日,送風機およびダクト内の圧力に関する次の記述のうち、最も不適当なものはどれか。,0,9_機器
機器_013,4,ダクト内を流れる空気の密度を $1.2\mathrm{kg/m^3}$、吐出し風速を $5\mathrm{m/s}$ としたとき、吐出し口の動圧は $15\mathrm{Pa}$ となる。,送風機の全圧が $300\mathrm{Pa}$、吐出し口動圧が $15\mathrm{Pa}$ の場合、送風機静圧は $285\mathrm{Pa}$ として算出される。,ダクト系における圧力損失の計算は、一般に静圧ではなく全圧基準で行うのが原則である。,送風機の軸動力は、送風機の全圧と風量の積を、電動機の効率で除することによって求められる。,B,2,令和2年 No.14（送風機の動力と静圧計算）,正しい。ダクト内を流れる空気の動圧 $P_v$ [Pa] は、流体の運動エネルギーを表す公式 $P_v = \frac{1}{2} \rho v^2$ によって求められる。与えられた条件である空気の密度 $\rho = 1.2\mathrm{kg/m^3}$、平均流速 $v = 5\mathrm{m/s}$ をこの公式に正確に代入して計算すると、$P_v = \frac{1}{2} \times 1.2 \times 5^2 = 0.6 \times 25 = 15\mathrm{Pa}$ となる。この動圧の算出プロセスは、送風機の静圧を決定するための基礎的な計算過程として設備設計において極めて頻繁に用いられ、重要な意味を持つ。,正しい。送風機の性能を評価する上で基準となる「送風機静圧 $P_s$」は、送風機が流体に与えた総エネルギーである「送風機全圧 $P_t$」から、吐出し口における無効な速度エネルギーである「動圧 $P_{v2}$」を差し引いた値として定義される。すなわち $P_s = P_t - P_{v2}$ の関係式が成立する。条件より全圧が $300\mathrm{Pa}$、算出した吐出し口動圧が $15\mathrm{Pa}$ であるため、$300\mathrm{Pa} - 15\mathrm{Pa} = 285\mathrm{Pa}$ となり、送風機静圧は $285\mathrm{Pa}$ として正しく算出される。この値がダクトの抵抗計算に用いられる。,正しい。空調・換気設備のダクト系統における圧力損失の計算は、管径の変化に伴う流速（動圧）の変動による静圧の増減（ベルヌーイの定理による静圧再取得や静圧降下など）を正確に評価するため、静圧基準ではなく「全圧基準」で行うのが流体力学および設備設計における絶対的な原則である。各直管部の摩擦損失や、曲がり・分岐部などの局部抵抗損失はすべて全圧の減少分として足し合わせ、システム全体で消費されるエネルギーを算出し、最終的に必要な送風機全圧を決定する。,誤りである。送風機の軸動力 $P$ [kW] を求める理論式は、$P = \frac{P_t \cdot Q}{1000 \cdot \eta_f}$（$P_t$:全圧 [Pa]、$Q$:風量 [$\mathrm{m^3/s}$]、$\eta_f$:送風機全効率）である。すなわち、送風機の軸動力は「送風機の全圧と風量の積」を、「電動機（モーター）の効率」ではなく「送風機本体の効率（ファン効率）」で除することによって求められるのが正しい。電動機効率は、さらにその上位にある入力電力を求める際に使用される係数であり、これらを混同して計算することは設計上致命的な誤りとなるため不適当である。,,,,1,軸動力を求める時に割る効率は「送風機（ファン）の効率」！モーターの効率ではない。,2026年3月29日,送風機の圧力および動力計算に関する次の記述のうち、最も不適当なものはどれか。,0,9_機器
機器_014,2,水管ボイラーは、起動時間は短いものの、保有水量が少ないため負荷変動に対して水位や圧力が急激に変化しやすい。,小型貫流ボイラーは、負荷変動に対する追従性は高いが、給水中に硬度成分が含まれていると管内壁にスケールが付着しやすいため、厳密な水処理が不要である。,炉筒煙管ボイラーは、保有水量が多く起動時間は長いが、負荷変動に対する圧力の安定性に優れている。,真空式温水発生機は、運転中の器内圧力が常に大気圧よりも低い状態に保たれているため、労働安全衛生法に基づくボイラーとしての法の適用を受けない。,A,2.5,令和2年 No.15（温熱源機器）,正しい。水管ボイラーは、多数の水管群に水を循環させ、外部から高温の燃焼ガスで加熱して蒸気を発生させる構造を持つ。高圧・大容量の蒸気供給に適しているが、ボイラーの規模に対してドラム内の「保有水量が少ない」という構造的特徴がある。水量が少ないため、点火から蒸気発生までの起動時間は非常に短く立ち上がりが速い。しかしその反面、蒸気使用量の急変（負荷変動）に対して、水位や圧力が極めて急激に変動しやすいため、高度で精密な自動制御システムが不可欠となる。,誤りである。小型貫流ボイラーは、長い水管の一端から給水し、管内で連続的に加熱・蒸発させて他端から蒸気を取り出す構造である。保有水量が極端に少ないため起動時間が数分と非常に短く、負荷への追従性が極めて高い。しかし、管内で水が完全に蒸発・濃縮されるため、給水中にカルシウム等の硬度成分が含まれていると、管内壁にスケールが激しく付着し、伝熱不良による管の焼損事故を即座に引き起こす。そのため、軟水器等を用いた「厳密な水処理が絶対に必要」であり、「不要である」とする記述は致命的な誤りである。,正しい。炉筒煙管ボイラーは、大きな円筒形の胴体内部に、燃焼室である炉筒と、燃焼ガスを通す多数の煙管群（対流伝熱面）を水に浸かった状態で配置した構造である。この構造上、ボイラーの出力規模に対して缶水（保有水量）が非常に多いため、着火してから水全体が温まり所定の蒸気圧に達するまでの「起動時間は遅い」という欠点がある。しかし逆に、多量の水が持つ熱エネルギー（熱容量）が大きいため、蒸気の需要変動が起きても圧力や水位の低下が緩やかであり、極めて安定した蒸気供給が可能である。,正しい。真空式温水発生機は、完全に密閉された缶体内部を真空ポンプで減圧し、約 $33\mathrm{kPa}$ 程度の真空状態（負圧）に維持しながら少量の熱媒水を沸騰させ、発生した低温蒸気を用いて内蔵の熱交換器で温水を製造するシステムである。運転中の内部圧力が常に「大気圧よりも低い状態」に保たれているため、万が一機器が破損しても外部へ向けて破裂・爆発する危険性が物理的に全く存在しない。したがって、労働安全衛生法上の「ボイラー及び圧力容器安全規則」における法的規制を一切受けず、取扱資格も不要である。,,,,1,貫流ボイラーは水が完全に蒸発するから、水処理（軟水化）をサボると一瞬で管が破裂する！,2026年3月29日,ボイラーおよび温熱源機器に関する次の記述のうち、最も不適当なものはどれか。,0,9_機器
機器_015,3,気化式加湿器は、水の蒸発潜熱を利用するため、加湿器を通過した空気の乾球温度は低下する。,超音波式加湿器は、液体の水を直接微細な粒子にして噴霧するため、水中の不純物が空気中に飛散して白粉現象を引き起こすおそれがある。,パン型加湿器は、水槽内に設置したヒーターで水を加熱沸騰させて加湿するものであり、加湿後の空気の相対湿度は上昇するが、絶対湿度は変化しない。,蒸気式加湿器は、加湿の応答性に優れ、かつ純粋な水蒸気を噴霧するため不純物の飛散がなく、クリーンルーム等の精密な制御に適している。,C,1.5,令和元年 No.14（加湿装置）,正しい。気化式加湿器（滴下式や透湿膜式など）は、水を含ませたフィルターやエレメントに空気を通過させ、水が自然に蒸発する力を利用して空気を加湿する装置である。水が液体の状態から気体（水蒸気）に状態変化する際、空気から多量の蒸発潜熱（気化熱）を奪い取るという熱力学的な現象が必ず生じる。そのため、加湿器を通過した空気は、水分を得て絶対湿度が上昇すると同時に、顕熱を奪われることによって空気の乾球温度は確実に「低下する」という特性を持つ。,正しい。超音波式加湿器は、水槽底部の超音波振動子から発生する高周波振動エネルギーを用いて、液体の水を非常に微細な水滴（霧）に破砕し、ファン等で直接空気中に噴霧する水噴霧式加湿器の一種である。水を加熱して沸騰・気化させるわけではないため、水道水中に溶け込んでいるカルシウムやマグネシウムなどの不純物（硬度成分）が水滴の中にそのまま含まれた状態で室内に放出される。この水滴が蒸発すると不純物だけが残り、白い粉（白粉現象）として飛散し、精密機器等に悪影響を及ぼすため純水器の併用が望ましい。,誤りである。パン型加湿器（電熱式加湿器）は、水槽（パン）内の水をシーズヒーター等の電熱器で直接加熱・沸騰させ、発生した水蒸気を空気中に放出する加湿器である。空気に水分（水蒸気）を直接追加するシステムであるため、加湿器を通過した空気は、含まれる水蒸気量が増加し、当然のことながら「絶対湿度は上昇する」。空気の乾球温度がほぼ一定の状態で水蒸気量が増えるため相対湿度も上昇するが、「絶対湿度は変化しない」とする本記述は、加湿の根本的な物理現象を否定しており明確に誤りである。,正しい。蒸気式加湿器は、専用のボイラー等で外部で生成した高温・高圧の清浄な蒸気を配管で導き、制御バルブを開閉して空調ダクト内へ直接噴霧して加湿する方式である。蒸気はすでに気体の状態であるため、空気と混合した際の蒸発の遅れ（タイムラグ）が全くなく、バルブの開閉に対する応答性が極めて高い。また、液体の水を霧化する方式とは異なり、蒸発に伴うスケール成分などの不純物の飛散がないため、厳格な湿度制御と高い空気清浄度が要求されるクリーンルームや手術室などの空調に最も適した方式である。,,,,1,加湿器で空気に水分を足しているのだから、空気中の水分量（絶対湿度）は必ず上がる！,2026年3月29日,空調設備の加湿装置に関する次の記述のうち、最も不適当なものはどれか。,0,9_機器
機器_016,3,冷温水配管における密閉回路方式は、往きと還りの配管がループ状に繋がっているため実揚程が相殺され、開放回路方式に比べてポンプの動力を小さくできる。,大温度差送水方式は、コイル出入口における冷温水の温度差を大きく設定することで必要循環水量を減らし、配管径の縮小と搬送動力の削減を図る手法である。,ダクト内を流れる空気の全圧は、ダクト壁面を押す力である静圧と、流れの速度エネルギーである動圧の差として表される。,変風量(VAV)方式において、インバータ制御により送風機の回転数を減らして送風量を低下させた場合、送風機の軸動力は風量の3乗に比例して急激に減少する。,B,2,予想問題（ポンプ・送風機の流体力学）,正しい。空調システムの冷温水配管において、配管系が大気に一切開放されず完全に閉じたループを形成している方式を「密閉回路方式」と呼ぶ。この方式では、流体を上層階へ押し上げる力（実揚程）と、還り配管で流体が下る力が物理的にバランスして完全に相殺される（サイフォン効果）。このため、循環ポンプは水を上に持ち上げるための位置エネルギーを負担する必要がなく、管内の「摩擦抵抗損失」にのみ打ち勝つ圧力を出せばよくなる。結果として、冷却塔等を用いる開放回路方式に比べて、ポンプの搬送動力を圧倒的に小さく設計できる。,正しい。空調機へ送る冷水や温水において、往きと還りの温度差 $\Delta t$ を通常の設計基準（例えば $5^\circ\mathrm{C}$）から意図的に大きく（例えば $10^\circ\mathrm{C}$）設定するシステムを「大温度差送水方式」と呼ぶ。輸送すべき熱量 $q$ が同じ場合、$q \propto Q \cdot \Delta t$ の関係より、温度差を2倍にすれば必要な循環水量 $Q$ を半分に削減することができる。水量が減少することで、配管径やバルブサイズを縮小して初期コストを抑えられるとともに、ポンプの搬送動力（水量の3乗に比例）を劇的に削減でき、高い省エネ効果が得られる。,誤りである。ベルヌーイの定理に基づく流体力学の基本原則において、ダクト内を流動する空気の持つ全エネルギーである「全圧（Total Pressure） $P_t$」は、ダクトの壁面を垂直に押す力である「静圧（Static Pressure） $P_s$」と、空気の流れが持つ運動（速度）エネルギーを圧力換算した「動圧（Velocity Pressure） $P_v$」の「和（足し算）」として定義される。すなわち $P_t = P_s + P_v$ という関係式が常に成立する。したがって、「静圧と動圧の差として表される」とする本記述は、流体エネルギーの保存則を完全に誤認しており不適当である。,正しい。送風機やポンプにおける流体力学の相似則によれば、送風機の風量 $Q$ は回転数 $N$ に比例し、全圧 $P_t$ は回転数 $N$ の2乗に比例する。送風機の軸動力 $P$ は風量と全圧の積に比例するため、結果として軸動力は「回転数 $N$ （すなわち風量 $Q$）の3乗に比例」して変化する（$P \propto Q^3$）。変風量（VAV）方式において、インバータ制御を用いて回転数を制御し風量を例えば $80\%$ に下げた場合、軸動力は $0.8^3 = 0.512$ となり、約半分の電力で済む。これがVAV方式の極めて強力な省エネ根拠である。,,,,1,全圧は静圧と動圧の「和（足し算）」である。差ではない！,2026年3月29日,ポンプおよびダクト・送風機の流体力学的特性に関する次の記述のうち、最も不適当なものはどれか。,0,9_機器
機器_017,2,病院の手術室などの空調においては、インバータ制御による高周波の電気的ノイズを嫌うため、あえてスクロールダンパー方式による風量制御が採用されることがある。,送風機の発生騒音は、要求される風量と静圧が一定であれば、送風機の回転数を下げる（大型の送風機を選定する）ほど、一般に大きくなる。,空調機や送風機の振動が建築構造体を伝わって他室に放射される固体伝搬音を防ぐため、機器の基礎には防振ゴムや防振スプリングが設けられる。,外気処理空調機と組み合わせて各室の負荷を処理するターミナル空調機は、居住域の直近に設置されるため、運転騒音の小さい機種を選定することが重要である。,C,1.5,予想問題（空調機器の騒音と振動対策）,正しい。送風機の風量制御においてインバータ方式は省エネ性に優れるが、電源周波数を変換する際に高周波の電気的ノイズ（インバータノイズ）を発生させるリスクが常にある。病院の手術室やICUなど、人命に関わる微小な電気信号を扱う精密電子医療機器（心電計など）が多数設置されている場所では、このノイズによる医療機器の誤作動を完全に排除しなければならない。そのため、省エネ性を多少犠牲にしてでも、電気的ノイズを一切発生させない機械的なスクロールダンパー方式が採用されるケースがある。,誤りである。送風機から発生する騒音（送風機騒音）の大きさは、送風機の種類、風量、全圧、そして「回転数」に強く依存する。一般的に、要求される仕様（風量と静圧）が全く同じであっても、小型の送風機を高速回転で無理に回すよりも、大型の送風機を選定して「回転数を下げて（低速で）余裕を持って運転する」方が、羽根車からの風切り音や気流の乱れが減少し、発生する騒音レベルは「確実に小さくなる（静かになる）」。したがって「回転数を下げるほど大きくなる」とする記述は音響工学的に完全に逆であり誤りである。,正しい。空調機や送風機、ポンプなどの回転機器から発生する機械振動が、コンクリートの床や壁といった建築構造体を直接伝わって離れた部屋に到達し、そこで壁面を振動させて音として放射される現象を「固体伝搬音（固体音）」と呼ぶ。この厄介な騒音問題を根本から防止するためには、振動源である機器と建築構造体との縁を物理的に切ることが最も有効である。具体的には、機器の基礎部分に適切な固有振動数を持たせた防振ゴムや防振スプリング（コイルスプリング）を設置し、振動の伝達率を大幅に低減させる防振対策が必須となる。,正しい。大規模建築物で多用される、大型の外気処理空調機と各階の小型ターミナル空調機を組み合わせた空調システムにおいて、ターミナル空調機（ファンコイルユニットなど）は、ダクトスペースを極力削減するため空調対象室の天井裏など「居住域の極めて直近」に分散配置されるのが一般的である。機器と居住者が非常に近い距離にあるため、ターミナル空調機からの直接的なファン騒音や気流音が室内の騒音環境（NC値など）を悪化させやすい。そのため、機器選定にあたっては省スペース性とともに、低騒音型の機種を厳選することが極めて重要である。,,,,1,ファンは「小さいものを高速で回す」とうるさい。「大きいものを低速で回す」方が静かになる！,2026年3月29日,空調機器の騒音および振動対策に関する次の記述のうち、最も不適当なものはどれか。,0,9_機器
機器_018,3,外気処理用のパッケージ型空調機は、導入される外気に含まれる多量の湿気を処理する必要があるため、潜熱処理能力が大きいものを採用する。,電算室やサーバー室に設置するパッケージ型空調機は、機器からの発熱による温度上昇を処理することが主目的であるため、顕熱処理能力が特化して大きいものを採用する。,パッケージ型空調機の冷暖房能力は、室外機と室内機を結ぶ冷媒配管が長くなっても、メーカーの定格能力のままであり配管長による影響を一切受けない。,窓際に設置されるペリメータゾーン用の空調機は、方位や時間帯によって激しく変動する日射負荷に迅速に対応できる性能と制御性が求められる。,A,2.5,予想問題（特殊用途空調機の選定と能力）,正しい。空調機で処理すべき熱負荷には、温度変化のみを伴う顕熱と、水分の蒸発・凝縮を伴う潜熱の2種類がある。屋外から新鮮空気を取り入れて室内に供給する「外気処理用」のパッケージ型空調機（外調機）の場合、特に夏期の日本の外気は極めて高温多湿であり、多量の水分（絶対湿度）を含んでいる。この大量の湿気を結露させて除湿し、適切な湿度まで下げるためには膨大な潜熱負荷を処理しなければならない。したがって、機器選定においては顕熱よりも「潜熱処理能力が十分に大きい」特殊な空調機を採用するのが設計の基本である。,正しい。電算室やデータセンターのサーバー室においては、無数に設置されたサーバー機器や通信機器類から常時膨大な熱が発生している。これらの機器類は汗をかかないため、発生する熱負荷は純粋に室温を上昇させる「顕熱」のみであり、潜熱（水分の発生）は皆無に等しい。もし通常の事務所用空調機（潜熱処理能力も持つ）を設置すると、無駄に除湿を行ってしまい過乾燥を招き、静電気による機器故障のリスクが高まる。そのため、除湿を行わず温度のみを強力に下げる「顕熱処理能力が特化して大きい専用の空調機」を選定することが必須である。,誤りである。パッケージ型空調機などの個別空調システムにおいて、カタログ等に記載されている定格冷暖房能力は、標準的な配管長（例えば $5\mathrm{m}$）という理想的な条件下での数値に過ぎない。実際の施工において、室外機と室内機を結ぶ冷媒配管の距離が長くなればなるほど、配管内部を流れる冷媒ガスと管壁との摩擦抵抗（圧力損失）が増大し、圧縮機の負担が増すため、機器が発揮できる実際の冷暖房能力は「確実に低下する」。したがって、「配管長による影響を一切受けない」とする記述は致命的な誤りであり、設計時の能力補正計算が必須である。,正しい。建物の外周部であるペリメータゾーンは、外壁や窓ガラスからの熱貫流や、強烈な直達日射といった外部環境（外乱）からの熱的影響を直接かつ甚大に受ける領域である。特に日射負荷は、東西南北の方位によってピークとなる時間帯が全く異なり、雲の通過によっても秒単位で激しく変動する。そのため、窓際に設置されるペリメータ専用の空調機（ファンコイルユニットやウォールスルー型パッケージ機など）には、この急激かつ局所的な負荷変動に対して遅滞なく追従し、室温を一定に保つことができる優れた応答性能と個別制御性が強く求められる。,,,,1,冷媒配管が長くなればなるほど摩擦でパワーが落ちる！定格能力のままでは絶対にいかない。,2026年3月29日,用途に応じたパッケージ型空調機の選定および特性に関する次の記述のうち、最も不適当なものはどれか。,0,9_機器
機器_019,3,吸収式冷凍機は、フロン等のオゾン層破壊係数を持つ冷媒を使用せず、水を冷媒、臭化リチウム水溶液を吸収液として利用する熱源機器である。,空気熱源ヒートポンプパッケージ型空調機は、外気の熱を利用して暖房を行うため、冬期の外気温が極端に低下すると暖房能力や成績係数(COP)が著しく低下する。,真空式温水発生機は、缶体内部を真空状態にして水を沸騰させる機器であり、大気圧以上の高い圧力がかかるためボイラー及び圧力容器安全規則の厳格な適用を受ける。,ガスエンジンヒートポンプ式空調機(GHP)は、コンプレッサーの駆動源としてガスエンジンを用い、暖房時にはエンジンの排熱を有効利用できるため寒冷地でも能力低下が少ない。,B,2,予想問題（熱源機器の法的・構造的特徴）,正しい。吸収式冷凍機（吸収冷温水機）は、圧縮機（コンプレッサー）を用いず、ガスの燃焼熱や工場排熱などを駆動源として冷水や温水を作り出す巨大な熱源機器である。この機器の最大の環境的メリットは、特定フロンや代替フロンといった地球環境に悪影響を及ぼす化学冷媒を一切使用しない点にある。自然界に存在する「水」を安全な冷媒として、また水分を強力に吸収する性質を持つ「臭化リチウム水溶液」を吸収液として利用し、水が真空に近い低圧下で蒸発する際の気化熱を利用して冷水を作る、極めて環境親和性の高いシステムである。,正しい。空気熱源ヒートポンプ（エアコン等）は、冬期の暖房運転時において、室外機にある熱交換器を通じて屋外の冷たい空気（外気）から「熱を汲み上げ（吸熱し）」、それを圧縮して高温にして室内に放出するシステムである。したがって、外気の温度が極端に低下（例えば氷点下など）すると、汲み上げるべき熱エネルギー自体が空気中に少なくなるため、熱を集める効率が著しく悪化する。その結果、必要な暖房能力が発揮できなくなり、同時に消費電力に対する暖房能力の割合である成績係数（COP）も急激に低下するという弱点を持っている。,誤りである。真空式温水発生機は、完全に密閉された缶体内部を真空ポンプ等で減圧し、約 $33\mathrm{kPa}$ 程度の真空状態に維持しながら、少量の熱媒水を加熱・沸騰させて温水を作るシステムである。この機器の根本的な特徴は、運転中の内部圧力が常に「大気圧よりも低い状態（負圧）」に保たれていることである。そのため、万一機器が破損しても内部へ空気が流入するだけで、外部へ向けて破裂・爆発する危険性が物理的に皆無である。したがって、「大気圧以上の高い圧力がかかるため厳格な適用を受ける」とする記述は完全に事実と逆であり、ボイラー及び圧力容器安全規則の適用外となるのが正しい。,正しい。ガスエンジンヒートポンプ式空調機（GHP）は、冷媒を圧縮するためのコンプレッサーを、電気モーターではなく都市ガス等で動く「ガスエンジン」で直接駆動する空調システムである。通常の電気式ヒートポンプ（EHP）は外気温低下時に暖房能力が落ちるが、GHPはガスエンジンを動かす際に発生する「エンジンの高温な冷却水排熱や排気ガス排熱」を回収し、暖房用の熱源として直接有効利用することができる。この豊富な排熱の補助により、極寒冷地であっても暖房能力の低下が非常に少なく、立ち上がりも速いという強力なメリットを持つ。,,,,1,真空式温水発生機は「真空＝大気圧より低い（負圧）」だから絶対に爆発しない。だから法規制の対象外！,2026年3月29日,各種熱源機器およびヒートポンプの特性に関する次の記述のうち、最も不適当なものはどれか。,0,9_機器
